--
-- PostgreSQL database dump
--

-- Dumped from database version 17.5 (Debian 17.5-1.pgdg120+1)
-- Dumped by pg_dump version 17.5 (Debian 17.5-1.pgdg120+1)

-- Started on 2025-08-10 16:42:15 UTC

SET statement_timeout = 0;
SET lock_timeout = 0;
SET idle_in_transaction_session_timeout = 0;
SET transaction_timeout = 0;
SET client_encoding = 'UTF8';
SET standard_conforming_strings = on;
SELECT pg_catalog.set_config('search_path', '', false);
SET check_function_bodies = false;
SET xmloption = content;
SET client_min_messages = warning;
SET row_security = off;

--
-- TOC entry 5 (class 2615 OID 16793)
-- Name: public; Type: SCHEMA; Schema: -; Owner: postgres
--

-- *not* creating schema, since initdb creates it


ALTER SCHEMA public OWNER TO postgres;

--
-- TOC entry 3705 (class 0 OID 0)
-- Dependencies: 5
-- Name: SCHEMA public; Type: COMMENT; Schema: -; Owner: postgres
--

COMMENT ON SCHEMA public IS '';


SET default_tablespace = '';

SET default_table_access_method = heap;

--
-- TOC entry 217 (class 1259 OID 16794)
-- Name: auth_group; Type: TABLE; Schema: public; Owner: postgres
--

CREATE TABLE public.auth_group (
    id integer NOT NULL,
    name character varying(150) NOT NULL
);


ALTER TABLE public.auth_group OWNER TO postgres;

--
-- TOC entry 218 (class 1259 OID 16797)
-- Name: auth_group_id_seq; Type: SEQUENCE; Schema: public; Owner: postgres
--

ALTER TABLE public.auth_group ALTER COLUMN id ADD GENERATED BY DEFAULT AS IDENTITY (
    SEQUENCE NAME public.auth_group_id_seq
    START WITH 1
    INCREMENT BY 1
    NO MINVALUE
    NO MAXVALUE
    CACHE 1
);


--
-- TOC entry 219 (class 1259 OID 16798)
-- Name: auth_group_permissions; Type: TABLE; Schema: public; Owner: postgres
--

CREATE TABLE public.auth_group_permissions (
    id bigint NOT NULL,
    group_id integer NOT NULL,
    permission_id integer NOT NULL
);


ALTER TABLE public.auth_group_permissions OWNER TO postgres;

--
-- TOC entry 220 (class 1259 OID 16801)
-- Name: auth_group_permissions_id_seq; Type: SEQUENCE; Schema: public; Owner: postgres
--

ALTER TABLE public.auth_group_permissions ALTER COLUMN id ADD GENERATED BY DEFAULT AS IDENTITY (
    SEQUENCE NAME public.auth_group_permissions_id_seq
    START WITH 1
    INCREMENT BY 1
    NO MINVALUE
    NO MAXVALUE
    CACHE 1
);


--
-- TOC entry 221 (class 1259 OID 16802)
-- Name: auth_permission; Type: TABLE; Schema: public; Owner: postgres
--

CREATE TABLE public.auth_permission (
    id integer NOT NULL,
    name character varying(255) NOT NULL,
    content_type_id integer NOT NULL,
    codename character varying(100) NOT NULL
);


ALTER TABLE public.auth_permission OWNER TO postgres;

--
-- TOC entry 222 (class 1259 OID 16805)
-- Name: auth_permission_id_seq; Type: SEQUENCE; Schema: public; Owner: postgres
--

ALTER TABLE public.auth_permission ALTER COLUMN id ADD GENERATED BY DEFAULT AS IDENTITY (
    SEQUENCE NAME public.auth_permission_id_seq
    START WITH 1
    INCREMENT BY 1
    NO MINVALUE
    NO MAXVALUE
    CACHE 1
);


--
-- TOC entry 223 (class 1259 OID 16806)
-- Name: auth_user; Type: TABLE; Schema: public; Owner: postgres
--

CREATE TABLE public.auth_user (
    id integer NOT NULL,
    password character varying(128) NOT NULL,
    last_login timestamp with time zone,
    is_superuser boolean NOT NULL,
    username character varying(150) NOT NULL,
    first_name character varying(150) NOT NULL,
    last_name character varying(150) NOT NULL,
    email character varying(254) NOT NULL,
    is_staff boolean NOT NULL,
    is_active boolean NOT NULL,
    date_joined timestamp with time zone NOT NULL
);


ALTER TABLE public.auth_user OWNER TO postgres;

--
-- TOC entry 224 (class 1259 OID 16811)
-- Name: auth_user_groups; Type: TABLE; Schema: public; Owner: postgres
--

CREATE TABLE public.auth_user_groups (
    id bigint NOT NULL,
    user_id integer NOT NULL,
    group_id integer NOT NULL
);


ALTER TABLE public.auth_user_groups OWNER TO postgres;

--
-- TOC entry 225 (class 1259 OID 16814)
-- Name: auth_user_groups_id_seq; Type: SEQUENCE; Schema: public; Owner: postgres
--

ALTER TABLE public.auth_user_groups ALTER COLUMN id ADD GENERATED BY DEFAULT AS IDENTITY (
    SEQUENCE NAME public.auth_user_groups_id_seq
    START WITH 1
    INCREMENT BY 1
    NO MINVALUE
    NO MAXVALUE
    CACHE 1
);


--
-- TOC entry 226 (class 1259 OID 16815)
-- Name: auth_user_id_seq; Type: SEQUENCE; Schema: public; Owner: postgres
--

ALTER TABLE public.auth_user ALTER COLUMN id ADD GENERATED BY DEFAULT AS IDENTITY (
    SEQUENCE NAME public.auth_user_id_seq
    START WITH 1
    INCREMENT BY 1
    NO MINVALUE
    NO MAXVALUE
    CACHE 1
);


--
-- TOC entry 227 (class 1259 OID 16816)
-- Name: auth_user_user_permissions; Type: TABLE; Schema: public; Owner: postgres
--

CREATE TABLE public.auth_user_user_permissions (
    id bigint NOT NULL,
    user_id integer NOT NULL,
    permission_id integer NOT NULL
);


ALTER TABLE public.auth_user_user_permissions OWNER TO postgres;

--
-- TOC entry 228 (class 1259 OID 16819)
-- Name: auth_user_user_permissions_id_seq; Type: SEQUENCE; Schema: public; Owner: postgres
--

ALTER TABLE public.auth_user_user_permissions ALTER COLUMN id ADD GENERATED BY DEFAULT AS IDENTITY (
    SEQUENCE NAME public.auth_user_user_permissions_id_seq
    START WITH 1
    INCREMENT BY 1
    NO MINVALUE
    NO MAXVALUE
    CACHE 1
);


--
-- TOC entry 229 (class 1259 OID 16820)
-- Name: basket_app_basket; Type: TABLE; Schema: public; Owner: postgres
--

CREATE TABLE public.basket_app_basket (
    id bigint NOT NULL,
    session_key character varying(40),
    created_at timestamp with time zone NOT NULL,
    updated_at timestamp with time zone NOT NULL,
    user_id integer
);


ALTER TABLE public.basket_app_basket OWNER TO postgres;

--
-- TOC entry 230 (class 1259 OID 16823)
-- Name: basket_app_basket_id_seq; Type: SEQUENCE; Schema: public; Owner: postgres
--

ALTER TABLE public.basket_app_basket ALTER COLUMN id ADD GENERATED BY DEFAULT AS IDENTITY (
    SEQUENCE NAME public.basket_app_basket_id_seq
    START WITH 1
    INCREMENT BY 1
    NO MINVALUE
    NO MAXVALUE
    CACHE 1
);


--
-- TOC entry 231 (class 1259 OID 16824)
-- Name: basket_app_basketitem; Type: TABLE; Schema: public; Owner: postgres
--

CREATE TABLE public.basket_app_basketitem (
    id bigint NOT NULL,
    quantity integer NOT NULL,
    added_at timestamp with time zone NOT NULL,
    basket_id bigint NOT NULL,
    product_id bigint NOT NULL,
    CONSTRAINT basket_app_basketitem_quantity_check CHECK ((quantity >= 0))
);


ALTER TABLE public.basket_app_basketitem OWNER TO postgres;

--
-- TOC entry 232 (class 1259 OID 16828)
-- Name: basket_app_basketitem_id_seq; Type: SEQUENCE; Schema: public; Owner: postgres
--

ALTER TABLE public.basket_app_basketitem ALTER COLUMN id ADD GENERATED BY DEFAULT AS IDENTITY (
    SEQUENCE NAME public.basket_app_basketitem_id_seq
    START WITH 1
    INCREMENT BY 1
    NO MINVALUE
    NO MAXVALUE
    CACHE 1
);


--
-- TOC entry 233 (class 1259 OID 16829)
-- Name: catalog_app_category; Type: TABLE; Schema: public; Owner: postgres
--

CREATE TABLE public.catalog_app_category (
    id bigint NOT NULL,
    title character varying(100) NOT NULL,
    parent_id bigint,
    image_id bigint,
    favorite boolean NOT NULL
);


ALTER TABLE public.catalog_app_category OWNER TO postgres;

--
-- TOC entry 234 (class 1259 OID 16832)
-- Name: catalog_app_category_id_seq; Type: SEQUENCE; Schema: public; Owner: postgres
--

ALTER TABLE public.catalog_app_category ALTER COLUMN id ADD GENERATED BY DEFAULT AS IDENTITY (
    SEQUENCE NAME public.catalog_app_category_id_seq
    START WITH 1
    INCREMENT BY 1
    NO MINVALUE
    NO MAXVALUE
    CACHE 1
);


--
-- TOC entry 235 (class 1259 OID 16833)
-- Name: catalog_app_categoryimage; Type: TABLE; Schema: public; Owner: postgres
--

CREATE TABLE public.catalog_app_categoryimage (
    id bigint NOT NULL,
    src character varying(100),
    alt character varying(50)
);


ALTER TABLE public.catalog_app_categoryimage OWNER TO postgres;

--
-- TOC entry 236 (class 1259 OID 16836)
-- Name: catalog_app_categoryimage_id_seq; Type: SEQUENCE; Schema: public; Owner: postgres
--

ALTER TABLE public.catalog_app_categoryimage ALTER COLUMN id ADD GENERATED BY DEFAULT AS IDENTITY (
    SEQUENCE NAME public.catalog_app_categoryimage_id_seq
    START WITH 1
    INCREMENT BY 1
    NO MINVALUE
    NO MAXVALUE
    CACHE 1
);


--
-- TOC entry 237 (class 1259 OID 16837)
-- Name: django_admin_log; Type: TABLE; Schema: public; Owner: postgres
--

CREATE TABLE public.django_admin_log (
    id integer NOT NULL,
    action_time timestamp with time zone NOT NULL,
    object_id text,
    object_repr character varying(200) NOT NULL,
    action_flag smallint NOT NULL,
    change_message text NOT NULL,
    content_type_id integer,
    user_id integer NOT NULL,
    CONSTRAINT django_admin_log_action_flag_check CHECK ((action_flag >= 0))
);


ALTER TABLE public.django_admin_log OWNER TO postgres;

--
-- TOC entry 238 (class 1259 OID 16843)
-- Name: django_admin_log_id_seq; Type: SEQUENCE; Schema: public; Owner: postgres
--

ALTER TABLE public.django_admin_log ALTER COLUMN id ADD GENERATED BY DEFAULT AS IDENTITY (
    SEQUENCE NAME public.django_admin_log_id_seq
    START WITH 1
    INCREMENT BY 1
    NO MINVALUE
    NO MAXVALUE
    CACHE 1
);


--
-- TOC entry 239 (class 1259 OID 16844)
-- Name: django_content_type; Type: TABLE; Schema: public; Owner: postgres
--

CREATE TABLE public.django_content_type (
    id integer NOT NULL,
    app_label character varying(100) NOT NULL,
    model character varying(100) NOT NULL
);


ALTER TABLE public.django_content_type OWNER TO postgres;

--
-- TOC entry 240 (class 1259 OID 16847)
-- Name: django_content_type_id_seq; Type: SEQUENCE; Schema: public; Owner: postgres
--

ALTER TABLE public.django_content_type ALTER COLUMN id ADD GENERATED BY DEFAULT AS IDENTITY (
    SEQUENCE NAME public.django_content_type_id_seq
    START WITH 1
    INCREMENT BY 1
    NO MINVALUE
    NO MAXVALUE
    CACHE 1
);


--
-- TOC entry 241 (class 1259 OID 16848)
-- Name: django_migrations; Type: TABLE; Schema: public; Owner: postgres
--

CREATE TABLE public.django_migrations (
    id bigint NOT NULL,
    app character varying(255) NOT NULL,
    name character varying(255) NOT NULL,
    applied timestamp with time zone NOT NULL
);


ALTER TABLE public.django_migrations OWNER TO postgres;

--
-- TOC entry 242 (class 1259 OID 16853)
-- Name: django_migrations_id_seq; Type: SEQUENCE; Schema: public; Owner: postgres
--

ALTER TABLE public.django_migrations ALTER COLUMN id ADD GENERATED BY DEFAULT AS IDENTITY (
    SEQUENCE NAME public.django_migrations_id_seq
    START WITH 1
    INCREMENT BY 1
    NO MINVALUE
    NO MAXVALUE
    CACHE 1
);


--
-- TOC entry 243 (class 1259 OID 16854)
-- Name: django_session; Type: TABLE; Schema: public; Owner: postgres
--

CREATE TABLE public.django_session (
    session_key character varying(40) NOT NULL,
    session_data text NOT NULL,
    expire_date timestamp with time zone NOT NULL
);


ALTER TABLE public.django_session OWNER TO postgres;

--
-- TOC entry 244 (class 1259 OID 16859)
-- Name: orders_app_delivery; Type: TABLE; Schema: public; Owner: postgres
--

CREATE TABLE public.orders_app_delivery (
    id bigint NOT NULL,
    ordinary_price numeric(10,2) NOT NULL,
    express_price numeric(10,2) NOT NULL,
    free_delivery_price numeric(10,2) NOT NULL
);


ALTER TABLE public.orders_app_delivery OWNER TO postgres;

--
-- TOC entry 245 (class 1259 OID 16862)
-- Name: orders_app_delivery_id_seq; Type: SEQUENCE; Schema: public; Owner: postgres
--

ALTER TABLE public.orders_app_delivery ALTER COLUMN id ADD GENERATED BY DEFAULT AS IDENTITY (
    SEQUENCE NAME public.orders_app_delivery_id_seq
    START WITH 1
    INCREMENT BY 1
    NO MINVALUE
    NO MAXVALUE
    CACHE 1
);


--
-- TOC entry 246 (class 1259 OID 16863)
-- Name: orders_app_order; Type: TABLE; Schema: public; Owner: postgres
--

CREATE TABLE public.orders_app_order (
    id bigint NOT NULL,
    "createdAt" timestamp with time zone NOT NULL,
    "fullName" character varying(120),
    email character varying(120),
    phone character varying(11),
    "paymentType" character varying(100),
    "totalCost" numeric(10,2) NOT NULL,
    status character varying(100),
    city character varying(120),
    address character varying(120),
    user_id integer,
    "deliveryType" character varying(100)
);


ALTER TABLE public.orders_app_order OWNER TO postgres;

--
-- TOC entry 247 (class 1259 OID 16868)
-- Name: orders_app_order_id_seq; Type: SEQUENCE; Schema: public; Owner: postgres
--

ALTER TABLE public.orders_app_order ALTER COLUMN id ADD GENERATED BY DEFAULT AS IDENTITY (
    SEQUENCE NAME public.orders_app_order_id_seq
    START WITH 1
    INCREMENT BY 1
    NO MINVALUE
    NO MAXVALUE
    CACHE 1
);


--
-- TOC entry 248 (class 1259 OID 16869)
-- Name: orders_app_orderproduct; Type: TABLE; Schema: public; Owner: postgres
--

CREATE TABLE public.orders_app_orderproduct (
    id bigint NOT NULL,
    count integer,
    price numeric(10,2),
    added_at timestamp with time zone NOT NULL,
    order_id bigint,
    product_id bigint NOT NULL,
    CONSTRAINT orders_app_orderproduct_count_check CHECK ((count >= 0))
);


ALTER TABLE public.orders_app_orderproduct OWNER TO postgres;

--
-- TOC entry 249 (class 1259 OID 16873)
-- Name: orders_app_orderproduct_id_seq; Type: SEQUENCE; Schema: public; Owner: postgres
--

ALTER TABLE public.orders_app_orderproduct ALTER COLUMN id ADD GENERATED BY DEFAULT AS IDENTITY (
    SEQUENCE NAME public.orders_app_orderproduct_id_seq
    START WITH 1
    INCREMENT BY 1
    NO MINVALUE
    NO MAXVALUE
    CACHE 1
);


--
-- TOC entry 250 (class 1259 OID 16874)
-- Name: orders_app_payment; Type: TABLE; Schema: public; Owner: postgres
--

CREATE TABLE public.orders_app_payment (
    id bigint NOT NULL,
    number character varying(8),
    name character varying(100),
    month character varying(2),
    year character varying(4),
    code character varying(3),
    order_id bigint
);


ALTER TABLE public.orders_app_payment OWNER TO postgres;

--
-- TOC entry 251 (class 1259 OID 16877)
-- Name: orders_app_payment_id_seq; Type: SEQUENCE; Schema: public; Owner: postgres
--

ALTER TABLE public.orders_app_payment ALTER COLUMN id ADD GENERATED BY DEFAULT AS IDENTITY (
    SEQUENCE NAME public.orders_app_payment_id_seq
    START WITH 1
    INCREMENT BY 1
    NO MINVALUE
    NO MAXVALUE
    CACHE 1
);


--
-- TOC entry 252 (class 1259 OID 16878)
-- Name: products_app_product; Type: TABLE; Schema: public; Owner: postgres
--

CREATE TABLE public.products_app_product (
    id bigint NOT NULL,
    price numeric(10,2) NOT NULL,
    count integer NOT NULL,
    date timestamp with time zone NOT NULL,
    title character varying(100) NOT NULL,
    description text,
    "fullDescription" text,
    "freeDelivery" boolean NOT NULL,
    available boolean NOT NULL,
    category_id bigint NOT NULL,
    limited boolean NOT NULL
);


ALTER TABLE public.products_app_product OWNER TO postgres;

--
-- TOC entry 253 (class 1259 OID 16883)
-- Name: products_app_product_id_seq; Type: SEQUENCE; Schema: public; Owner: postgres
--

ALTER TABLE public.products_app_product ALTER COLUMN id ADD GENERATED BY DEFAULT AS IDENTITY (
    SEQUENCE NAME public.products_app_product_id_seq
    START WITH 1
    INCREMENT BY 1
    NO MINVALUE
    NO MAXVALUE
    CACHE 1
);


--
-- TOC entry 254 (class 1259 OID 16884)
-- Name: products_app_productimage; Type: TABLE; Schema: public; Owner: postgres
--

CREATE TABLE public.products_app_productimage (
    id bigint NOT NULL,
    src character varying(100) NOT NULL,
    alt character varying(50),
    product_id bigint NOT NULL
);


ALTER TABLE public.products_app_productimage OWNER TO postgres;

--
-- TOC entry 255 (class 1259 OID 16887)
-- Name: products_app_productimage_id_seq; Type: SEQUENCE; Schema: public; Owner: postgres
--

ALTER TABLE public.products_app_productimage ALTER COLUMN id ADD GENERATED BY DEFAULT AS IDENTITY (
    SEQUENCE NAME public.products_app_productimage_id_seq
    START WITH 1
    INCREMENT BY 1
    NO MINVALUE
    NO MAXVALUE
    CACHE 1
);


--
-- TOC entry 256 (class 1259 OID 16888)
-- Name: products_app_productreview; Type: TABLE; Schema: public; Owner: postgres
--

CREATE TABLE public.products_app_productreview (
    id bigint NOT NULL,
    author character varying(100) NOT NULL,
    email character varying(254) NOT NULL,
    text text NOT NULL,
    rate integer NOT NULL,
    date timestamp with time zone NOT NULL,
    product_id bigint NOT NULL
);


ALTER TABLE public.products_app_productreview OWNER TO postgres;

--
-- TOC entry 257 (class 1259 OID 16893)
-- Name: products_app_productreview_id_seq; Type: SEQUENCE; Schema: public; Owner: postgres
--

ALTER TABLE public.products_app_productreview ALTER COLUMN id ADD GENERATED BY DEFAULT AS IDENTITY (
    SEQUENCE NAME public.products_app_productreview_id_seq
    START WITH 1
    INCREMENT BY 1
    NO MINVALUE
    NO MAXVALUE
    CACHE 1
);


--
-- TOC entry 258 (class 1259 OID 16894)
-- Name: products_app_productspecification; Type: TABLE; Schema: public; Owner: postgres
--

CREATE TABLE public.products_app_productspecification (
    id bigint NOT NULL,
    name character varying(100),
    value character varying(100),
    product_id bigint NOT NULL
);


ALTER TABLE public.products_app_productspecification OWNER TO postgres;

--
-- TOC entry 259 (class 1259 OID 16897)
-- Name: products_app_productspecification_id_seq; Type: SEQUENCE; Schema: public; Owner: postgres
--

ALTER TABLE public.products_app_productspecification ALTER COLUMN id ADD GENERATED BY DEFAULT AS IDENTITY (
    SEQUENCE NAME public.products_app_productspecification_id_seq
    START WITH 1
    INCREMENT BY 1
    NO MINVALUE
    NO MAXVALUE
    CACHE 1
);


--
-- TOC entry 260 (class 1259 OID 16898)
-- Name: products_app_saleitems; Type: TABLE; Schema: public; Owner: postgres
--

CREATE TABLE public.products_app_saleitems (
    id bigint NOT NULL,
    discount smallint NOT NULL,
    "dateFrom" date NOT NULL,
    "dateTo" date NOT NULL,
    is_active boolean NOT NULL,
    product_id bigint NOT NULL,
    sale_id bigint NOT NULL,
    CONSTRAINT check_date_constraint CHECK (("dateFrom" < "dateTo"))
);


ALTER TABLE public.products_app_saleitems OWNER TO postgres;

--
-- TOC entry 261 (class 1259 OID 16902)
-- Name: products_app_saleitems_id_seq; Type: SEQUENCE; Schema: public; Owner: postgres
--

ALTER TABLE public.products_app_saleitems ALTER COLUMN id ADD GENERATED BY DEFAULT AS IDENTITY (
    SEQUENCE NAME public.products_app_saleitems_id_seq
    START WITH 1
    INCREMENT BY 1
    NO MINVALUE
    NO MAXVALUE
    CACHE 1
);


--
-- TOC entry 262 (class 1259 OID 16903)
-- Name: products_app_sales; Type: TABLE; Schema: public; Owner: postgres
--

CREATE TABLE public.products_app_sales (
    id bigint NOT NULL,
    name character varying(200) NOT NULL,
    description text,
    is_active boolean NOT NULL
);


ALTER TABLE public.products_app_sales OWNER TO postgres;

--
-- TOC entry 263 (class 1259 OID 16908)
-- Name: products_app_sales_id_seq; Type: SEQUENCE; Schema: public; Owner: postgres
--

ALTER TABLE public.products_app_sales ALTER COLUMN id ADD GENERATED BY DEFAULT AS IDENTITY (
    SEQUENCE NAME public.products_app_sales_id_seq
    START WITH 1
    INCREMENT BY 1
    NO MINVALUE
    NO MAXVALUE
    CACHE 1
);


--
-- TOC entry 264 (class 1259 OID 16909)
-- Name: profile_app_avatar; Type: TABLE; Schema: public; Owner: postgres
--

CREATE TABLE public.profile_app_avatar (
    id bigint NOT NULL,
    src character varying(100),
    alt character varying(50),
    profile_id bigint
);


ALTER TABLE public.profile_app_avatar OWNER TO postgres;

--
-- TOC entry 265 (class 1259 OID 16912)
-- Name: profile_app_avatar_id_seq; Type: SEQUENCE; Schema: public; Owner: postgres
--

ALTER TABLE public.profile_app_avatar ALTER COLUMN id ADD GENERATED BY DEFAULT AS IDENTITY (
    SEQUENCE NAME public.profile_app_avatar_id_seq
    START WITH 1
    INCREMENT BY 1
    NO MINVALUE
    NO MAXVALUE
    CACHE 1
);


--
-- TOC entry 266 (class 1259 OID 16913)
-- Name: profile_app_profile; Type: TABLE; Schema: public; Owner: postgres
--

CREATE TABLE public.profile_app_profile (
    id bigint NOT NULL,
    "fullName" character varying(120),
    email character varying(120),
    phone character varying(11),
    user_id integer NOT NULL
);


ALTER TABLE public.profile_app_profile OWNER TO postgres;

--
-- TOC entry 267 (class 1259 OID 16916)
-- Name: profile_app_profile_id_seq; Type: SEQUENCE; Schema: public; Owner: postgres
--

ALTER TABLE public.profile_app_profile ALTER COLUMN id ADD GENERATED BY DEFAULT AS IDENTITY (
    SEQUENCE NAME public.profile_app_profile_id_seq
    START WITH 1
    INCREMENT BY 1
    NO MINVALUE
    NO MAXVALUE
    CACHE 1
);


--
-- TOC entry 268 (class 1259 OID 16917)
-- Name: tags_app_tag; Type: TABLE; Schema: public; Owner: postgres
--

CREATE TABLE public.tags_app_tag (
    id bigint NOT NULL,
    name character varying(50) NOT NULL
);


ALTER TABLE public.tags_app_tag OWNER TO postgres;

--
-- TOC entry 269 (class 1259 OID 16920)
-- Name: tags_app_tag_id_seq; Type: SEQUENCE; Schema: public; Owner: postgres
--

ALTER TABLE public.tags_app_tag ALTER COLUMN id ADD GENERATED BY DEFAULT AS IDENTITY (
    SEQUENCE NAME public.tags_app_tag_id_seq
    START WITH 1
    INCREMENT BY 1
    NO MINVALUE
    NO MAXVALUE
    CACHE 1
);


--
-- TOC entry 270 (class 1259 OID 16921)
-- Name: tags_app_tag_products; Type: TABLE; Schema: public; Owner: postgres
--

CREATE TABLE public.tags_app_tag_products (
    id bigint NOT NULL,
    tag_id bigint NOT NULL,
    product_id bigint NOT NULL
);


ALTER TABLE public.tags_app_tag_products OWNER TO postgres;

--
-- TOC entry 271 (class 1259 OID 16924)
-- Name: tags_app_tag_products_id_seq; Type: SEQUENCE; Schema: public; Owner: postgres
--

ALTER TABLE public.tags_app_tag_products ALTER COLUMN id ADD GENERATED BY DEFAULT AS IDENTITY (
    SEQUENCE NAME public.tags_app_tag_products_id_seq
    START WITH 1
    INCREMENT BY 1
    NO MINVALUE
    NO MAXVALUE
    CACHE 1
);


--
-- TOC entry 3645 (class 0 OID 16794)
-- Dependencies: 217
-- Data for Name: auth_group; Type: TABLE DATA; Schema: public; Owner: postgres
--

COPY public.auth_group (id, name) FROM stdin;
\.


--
-- TOC entry 3647 (class 0 OID 16798)
-- Dependencies: 219
-- Data for Name: auth_group_permissions; Type: TABLE DATA; Schema: public; Owner: postgres
--

COPY public.auth_group_permissions (id, group_id, permission_id) FROM stdin;
\.


--
-- TOC entry 3649 (class 0 OID 16802)
-- Dependencies: 221
-- Data for Name: auth_permission; Type: TABLE DATA; Schema: public; Owner: postgres
--

COPY public.auth_permission (id, name, content_type_id, codename) FROM stdin;
1	Can add log entry	1	add_logentry
2	Can change log entry	1	change_logentry
3	Can delete log entry	1	delete_logentry
4	Can view log entry	1	view_logentry
5	Can add permission	2	add_permission
6	Can change permission	2	change_permission
7	Can delete permission	2	delete_permission
8	Can view permission	2	view_permission
9	Can add group	3	add_group
10	Can change group	3	change_group
11	Can delete group	3	delete_group
12	Can view group	3	view_group
13	Can add user	4	add_user
14	Can change user	4	change_user
15	Can delete user	4	delete_user
16	Can view user	4	view_user
17	Can add content type	5	add_contenttype
18	Can change content type	5	change_contenttype
19	Can delete content type	5	delete_contenttype
20	Can view content type	5	view_contenttype
21	Can add session	6	add_session
22	Can change session	6	change_session
23	Can delete session	6	delete_session
24	Can view session	6	view_session
25	Can add Распродажа	7	add_sales
26	Can change Распродажа	7	change_sales
27	Can delete Распродажа	7	delete_sales
28	Can view Распродажа	7	view_sales
29	Can add Товар	8	add_product
30	Can change Товар	8	change_product
31	Can delete Товар	8	delete_product
32	Can view Товар	8	view_product
33	Can add Изображение товара	9	add_productimage
34	Can change Изображение товара	9	change_productimage
35	Can delete Изображение товара	9	delete_productimage
36	Can view Изображение товара	9	view_productimage
37	Can add Спецификация товара	10	add_productspecification
38	Can change Спецификация товара	10	change_productspecification
39	Can delete Спецификация товара	10	delete_productspecification
40	Can view Спецификация товара	10	view_productspecification
41	Can add Отзыв о товаре	11	add_productreview
42	Can change Отзыв о товаре	11	change_productreview
43	Can delete Отзыв о товаре	11	delete_productreview
44	Can view Отзыв о товаре	11	view_productreview
45	Can add Товар на распродаже	12	add_saleitems
46	Can change Товар на распродаже	12	change_saleitems
47	Can delete Товар на распродаже	12	delete_saleitems
48	Can view Товар на распродаже	12	view_saleitems
49	Can add Изображение категории	13	add_categoryimage
50	Can change Изображение категории	13	change_categoryimage
51	Can delete Изображение категории	13	delete_categoryimage
52	Can view Изображение категории	13	view_categoryimage
53	Can add Категория товаров	14	add_category
54	Can change Категория товаров	14	change_category
55	Can delete Категория товаров	14	delete_category
56	Can view Категория товаров	14	view_category
57	Can add Метка	15	add_tag
58	Can change Метка	15	change_tag
59	Can delete Метка	15	delete_tag
60	Can view Метка	15	view_tag
61	Can add Корзина пользователя	16	add_basket
62	Can change Корзина пользователя	16	change_basket
63	Can delete Корзина пользователя	16	delete_basket
64	Can view Корзина пользователя	16	view_basket
65	Can add Продукт в корзине	17	add_basketitem
66	Can change Продукт в корзине	17	change_basketitem
67	Can delete Продукт в корзине	17	delete_basketitem
68	Can view Продукт в корзине	17	view_basketitem
69	Can add Профиль пользователя	18	add_profile
70	Can change Профиль пользователя	18	change_profile
71	Can delete Профиль пользователя	18	delete_profile
72	Can view Профиль пользователя	18	view_profile
73	Can add Аватар пользователя	19	add_avatar
74	Can change Аватар пользователя	19	change_avatar
75	Can delete Аватар пользователя	19	delete_avatar
76	Can view Аватар пользователя	19	view_avatar
77	Can add Заказ	20	add_order
78	Can change Заказ	20	change_order
79	Can delete Заказ	20	delete_order
80	Can view Заказ	20	view_order
81	Can add payment	21	add_payment
82	Can change payment	21	change_payment
83	Can delete payment	21	delete_payment
84	Can view payment	21	view_payment
85	Can add Продукт в заказе	22	add_orderproduct
86	Can change Продукт в заказе	22	change_orderproduct
87	Can delete Продукт в заказе	22	delete_orderproduct
88	Can view Продукт в заказе	22	view_orderproduct
89	Can add Способ доставки	23	add_delivery
90	Can change Способ доставки	23	change_delivery
91	Can delete Способ доставки	23	delete_delivery
92	Can view Способ доставки	23	view_delivery
\.


--
-- TOC entry 3651 (class 0 OID 16806)
-- Dependencies: 223
-- Data for Name: auth_user; Type: TABLE DATA; Schema: public; Owner: postgres
--

COPY public.auth_user (id, password, last_login, is_superuser, username, first_name, last_name, email, is_staff, is_active, date_joined) FROM stdin;
6	pbkdf2_sha256$870000$UmQo7t4CEvBbZrv584dKvY$slZiLA0n9RSMZNTvguqsG01H0o63GU+et8m1j2RNw98=	2025-06-01 17:00:32.594101+05	f	bob	Bob	Sendler	bob@rambler.com	f	t	2025-03-20 06:19:06.178+05
7	pbkdf2_sha256$870000$ZnMpgxxITIrYKkOHl64cGZ$sQRzokuo2TdvKEQznzKBwJvUOtfdy3H8AtSN8xrLp1c=	2025-06-12 19:44:26.107108+05	f	nick	Nick	Groover	nick@email.com	f	t	2025-03-20 06:19:26.999+05
5	pbkdf2_sha256$870000$yaNJCW7lCOZCVr8QRSo1XE$QVkFbxm9SpR29rYFe5Di3Jw61SLRZAc2LLzM6U7tsR0=	2025-08-10 02:41:42.993568+05	f	mat	Matteu	Dawson	mat@example.com	f	t	2025-03-20 06:13:14.528+05
9	pbkdf2_sha256$870000$H0zwsxxhW84N1XvHXX1sYs$kaBSkIOElQF5n1asS03X939enx6ZtNpLYt9cUkhOH0A=	2025-08-10 03:27:30.756566+05	f	daniel	Daniel	Craig	dan2.mail@mail.com	f	t	2025-06-12 19:50:54.939056+05
1	pbkdf2_sha256$870000$P6mwGtpzKJdNtfaSKyM9GD$R4xCw0Fc/EZ+K8QSmjWX8dU7+imngloPJN5QndcNIGA=	2025-08-10 21:34:40.011459+05	t	admin	John	Walles	admin1@gmail.com	t	t	2025-03-19 21:00:51+05
\.


--
-- TOC entry 3652 (class 0 OID 16811)
-- Dependencies: 224
-- Data for Name: auth_user_groups; Type: TABLE DATA; Schema: public; Owner: postgres
--

COPY public.auth_user_groups (id, user_id, group_id) FROM stdin;
\.


--
-- TOC entry 3655 (class 0 OID 16816)
-- Dependencies: 227
-- Data for Name: auth_user_user_permissions; Type: TABLE DATA; Schema: public; Owner: postgres
--

COPY public.auth_user_user_permissions (id, user_id, permission_id) FROM stdin;
\.


--
-- TOC entry 3657 (class 0 OID 16820)
-- Dependencies: 229
-- Data for Name: basket_app_basket; Type: TABLE DATA; Schema: public; Owner: postgres
--

COPY public.basket_app_basket (id, session_key, created_at, updated_at, user_id) FROM stdin;
11	dvvtjijlcyin8m39rf90aa8m8aqav26d	2025-05-06 03:27:32.866+05	2025-05-06 03:34:06.535+05	\N
12	ejagog8lk7b971ijk5yj35x9nlcfb99f	2025-05-06 14:49:07.67+05	2025-05-06 14:49:07.67+05	\N
13	ev1u9ob41j5n2hy29qwvnitl9x6jkbw2	2025-05-09 19:09:36.194+05	2025-05-09 19:09:36.194+05	\N
14	emdw5kftrivse6f3w9gatjcxgwld3ieg	2025-05-09 19:14:41.073+05	2025-05-09 19:14:41.073+05	\N
15	rssww25msg9q8qp4wgud5gxrzhqflt7y	2025-05-09 22:05:21.609+05	2025-05-09 22:05:21.609+05	\N
16	dplargftyvvjhotudqyhwsvarigwoei2	2025-05-21 21:57:53.087+05	2025-05-21 21:57:53.087+05	\N
17	lu1baortb9ur5wu7emhb3ukpldckp68o	2025-05-21 22:31:56.737+05	2025-05-21 22:31:56.737+05	\N
18	ru9ohydulb5d88ugq2mqj0quj6g0b9d3	2025-05-22 19:32:38.8+05	2025-05-22 19:32:45.606+05	\N
19	gv1q3d7a61vpr5o1zcih0qav2nkznwzt	2025-05-22 21:42:15.771+05	2025-05-22 21:42:27.811+05	\N
20	qvzdy78lfj5q13f4p0z0u591i3igvx8i	2025-05-22 22:20:36.507+05	2025-05-22 22:22:03.171+05	\N
21	ybfa54na301064vzydgnjx7hmmnnbvjf	2025-05-22 22:38:58.612+05	2025-05-22 22:39:07.433+05	\N
22	cbluiodho3i7oyi394kw72p18zejpsaw	2025-05-22 22:43:27.187+05	2025-05-22 22:43:37.027+05	\N
23	j0abi1gnbj83orft69pb2kqcckzbm95u	2025-05-23 00:02:03.292+05	2025-05-23 00:06:34.045+05	\N
25	vi0swr84uhfl5bkgsylbfiy8jvbblxbk	2025-05-23 00:18:51.794+05	2025-05-23 00:18:58.081+05	\N
26	sjoym0e3clrmsndyq96g4lt6lzayu9dy	2025-05-23 00:24:54.431+05	2025-05-23 00:25:03.825+05	\N
27	oec177nf328zn3svmlda0kajiszoijl9	2025-05-23 19:37:27.868+05	2025-05-23 19:37:37.923+05	\N
29	4qtet50fkfvrbfgv48o4rzz4f96zb1a6	2025-05-23 20:31:30.613+05	2025-05-23 20:31:45.368+05	\N
30	kby90l9j88ci316wddz2rf2rsixwicx3	2025-05-23 22:47:12.3+05	2025-05-23 22:47:12.3+05	\N
31	jexjnwtaohbyi7iahu3a7i10qmcv237a	2025-05-25 21:37:42.506+05	2025-05-25 21:37:42.507+05	\N
32	gk4dwefjvj1aapawjr3ze6fitdp4vwlv	2025-05-31 18:04:25.943052+05	2025-05-31 18:10:16.571587+05	\N
6	\N	2025-05-05 22:56:09.099+05	2025-05-31 19:37:27.389583+05	6
33	ptyahbq3yp413yub3ckfouq2z0ud0yrx	2025-05-31 23:37:39.352127+05	2025-05-31 23:37:39.35216+05	\N
34	17bl452ho1y1b1901xt6oe1gwmzv2acn	2025-06-01 16:32:32.49561+05	2025-06-01 16:32:32.495631+05	\N
35	b4obkk6vgd75t8jcqpp6wo81x248zrhd	2025-06-01 16:33:33.350213+05	2025-06-01 16:33:49.532014+05	\N
36	6e48eeci0d80hsr28yv8070spbsq5cx8	2025-06-01 16:35:59.733947+05	2025-06-01 16:35:59.733967+05	\N
37	w5zluwveill0pfmua2p9gs0uxzxoewmx	2025-06-01 16:44:54.724094+05	2025-06-01 16:44:54.724142+05	\N
38	22b99jww5k5pk96s27zir1u7eui5e1qi	2025-06-01 16:50:01.489889+05	2025-06-01 16:50:01.489926+05	\N
39	pe4e2svd9npldsmyym10hl1bc22aj025	2025-06-01 16:52:23.085998+05	2025-06-01 16:52:23.086034+05	\N
40	nxqtkubghpxxa4yc4kb9i4zl0pu72te0	2025-06-01 16:54:21.112893+05	2025-06-01 16:54:21.112923+05	\N
41	4d94s8b6zpgdjphyu54jnke3ev0822ss	2025-06-01 16:55:51.17667+05	2025-06-01 16:55:51.176703+05	\N
42	2qpg217xn6kji8ofuqrxsehm10fucv76	2025-06-01 16:56:50.672176+05	2025-06-01 16:56:50.672196+05	\N
43	z2aece9pkbdlvla0riu2zibe8ip1uq3l	2025-06-01 17:02:51.206717+05	2025-06-01 17:03:05.251748+05	\N
44	pprsbtqphr62qlgzjsmg0szbkiparcxk	2025-06-01 18:50:10.183776+05	2025-06-01 18:50:10.183799+05	\N
45	jwhxkqdf1o102z6cifmkbp76pu81o3i8	2025-06-01 21:10:53.716203+05	2025-06-01 21:10:53.716221+05	\N
46	p5mpr354ktd4wvh9azyoy5k7jynh5wgo	2025-06-01 21:57:27.197825+05	2025-06-01 21:57:27.197863+05	\N
2	\N	2025-05-01 19:33:40.663+05	2025-06-12 14:06:04.832707+05	1
47	g4qpajxp2y8wf31wniuc79jhgk4upsuf	2025-06-12 14:06:44.063849+05	2025-06-12 14:53:00.76334+05	\N
49	c3q22k28pjl5k7q6d3ae5hjded0citvf	2025-06-12 17:21:02.512428+05	2025-06-12 17:21:02.512471+05	\N
50	88wr4lle4olq5kkk5m7u8agwr33nj32k	2025-06-12 17:25:52.633106+05	2025-06-12 17:25:52.633129+05	\N
51	bdd86xhs9fo0or1duh5a7onxmo48a9rp	2025-06-12 19:44:18.61834+05	2025-06-12 19:44:18.618374+05	\N
28	\N	2025-05-23 19:40:01.532+05	2025-06-12 19:44:55.449297+05	7
52	44t4le33ej88eg407wmj5bmcfxxz8st4	2025-06-12 19:50:00.132746+05	2025-06-12 19:50:05.89305+05	\N
54	un9v9cpt83ta74q9l2vdobc4ele5jufh	2025-06-12 20:00:48.007612+05	2025-06-12 20:22:49.445159+05	\N
55	j7xron8t7nrjrmu78uxiewzwvt37wofd	2025-07-31 22:35:22.711182+05	2025-07-31 22:35:22.711227+05	\N
56	uetapjzo6rgropzp1hswz4aeao0samgb	2025-07-31 23:02:38.873388+05	2025-07-31 23:02:38.873431+05	\N
57	fln5e0dvq1urzkp34xawdfz9sg0cl40c	2025-08-06 22:10:44.933875+05	2025-08-06 22:10:44.933896+05	\N
58	3de3i3dq2wvqo8aw0soxj0o8zz9pye4x	2025-08-08 22:03:42.346622+05	2025-08-08 22:03:42.346645+05	\N
59	19rf2ho9frnwyyr1ao4t2gyh5t513b7y	2025-08-09 13:30:51.155297+05	2025-08-09 13:30:51.155342+05	\N
60	p2vsja4f2xb3qwkiigwippslmb0rtmrm	2025-08-09 18:58:27.483552+05	2025-08-09 18:58:27.483576+05	\N
61	e52hpfmuhghvwir9ifiryntykoy6f8fy	2025-08-09 19:14:37.546004+05	2025-08-09 19:14:37.546043+05	\N
62	v4jucccefc0mqmlw017t06k20e7j0mji	2025-08-09 19:47:17.530978+05	2025-08-09 19:47:22.592663+05	\N
63	zbirakbeisj1hgy4s2hsv05aijyjhzvs	2025-08-09 22:41:38.216332+05	2025-08-09 22:43:12.901396+05	\N
64	bvw6qksxm2w0bwgdkrew3qkwx858ciyt	2025-08-10 02:41:32.274701+05	2025-08-10 02:41:32.274726+05	\N
24	\N	2025-05-23 00:07:18.229+05	2025-08-10 02:41:53.863062+05	5
65	aoqeizncef04lw5schcgv4q66owifrcd	2025-08-10 03:17:41.459641+05	2025-08-10 03:17:41.459672+05	\N
66	fmj1g0epwv5x3o7cvigh5u1g738a1flk	2025-08-10 03:21:54.41292+05	2025-08-10 03:21:54.412943+05	\N
67	1yjs25zsludltr6ivzbey2lw9akate4p	2025-08-10 03:22:14.439605+05	2025-08-10 03:26:39.370313+05	\N
53	\N	2025-06-12 19:50:55.868986+05	2025-08-10 04:12:22.674124+05	9
\.


--
-- TOC entry 3659 (class 0 OID 16824)
-- Dependencies: 231
-- Data for Name: basket_app_basketitem; Type: TABLE DATA; Schema: public; Owner: postgres
--

COPY public.basket_app_basketitem (id, quantity, added_at, basket_id, product_id) FROM stdin;
13	2	2025-05-06 03:27:37.671+05	11	22
14	2	2025-05-06 03:29:32.253+05	11	4
15	1	2025-05-06 03:32:52.082+05	11	8
55	1	2025-05-22 19:32:45.597+05	18	16
56	1	2025-05-22 21:42:27.797+05	19	8
57	1	2025-05-22 22:22:03.156+05	20	13
58	1	2025-05-22 22:39:07.418+05	21	8
59	1	2025-05-22 22:43:37.014+05	22	17
60	1	2025-05-23 00:06:34.031+05	23	6
61	1	2025-05-23 00:18:58.069+05	25	10
62	1	2025-05-23 00:25:03.812+05	26	16
66	1	2025-05-23 19:37:36.927+05	27	26
67	1	2025-05-23 19:37:37.911+05	27	21
69	3	2025-05-23 20:31:38.152+05	29	5
93	1	2025-06-12 20:22:49.43293+05	54	22
70	7	2025-05-31 18:09:48.617691+05	32	5
75	1	2025-06-01 16:33:49.519375+05	35	12
76	1	2025-06-01 17:03:05.005824+05	43	11
87	1	2025-06-12 14:06:04.816849+05	2	19
88	1	2025-06-12 14:53:00.749978+05	47	18
91	1	2025-06-12 19:50:05.867223+05	52	12
98	1	2025-08-09 19:47:22.574359+05	62	20
100	1	2025-08-09 22:43:12.873672+05	63	12
102	2	2025-08-10 03:26:39.350087+05	67	19
\.


--
-- TOC entry 3661 (class 0 OID 16829)
-- Dependencies: 233
-- Data for Name: catalog_app_category; Type: TABLE DATA; Schema: public; Owner: postgres
--

COPY public.catalog_app_category (id, title, parent_id, image_id, favorite) FROM stdin;
1	Квадрокоптеры и аксессуары	\N	1	f
3	Запчасти и аксессуары	1	2	f
4	Оптические приборы	\N	17	f
5	Телескопы	4	22	f
6	Микроскопы	4	13	f
7	Наушники и аудиотехника	\N	20	f
9	Беспроводные колонки	7	5	f
10	Компьютеры и периферия	\N	18	f
11	Мониторы	10	26	f
12	Системные блоки	10	19	f
13	Навигаторы	\N	15	f
14	GPS-трекеры и GPS-маяки	13	12	f
15	Автомобильные навигаторы	13	6	f
19	Телевизоры и видеотехника	\N	23	f
20	Телевизоры	19	25	f
21	ТВ-приставки и медиаплееры	19	24	f
18	Игровые ноутбуки	16	16	t
8	Наушники	7	21	t
2	Квадрокоптеры	1	9	f
16	Игровые приставки и ноутбуки	\N	10	f
17	Игровые приставки	16	11	t
\.


--
-- TOC entry 3663 (class 0 OID 16833)
-- Dependencies: 235
-- Data for Name: catalog_app_categoryimage; Type: TABLE DATA; Schema: public; Owner: postgres
--

COPY public.catalog_app_categoryimage (id, src, alt) FROM stdin;
1	category/images/copters-and-accesories.jpg	copters-and-accesories.jpg
2	category/images/accesories-for-copters.jpg	accesories-for-copters.jpg
5	category/images/audio-speakers.jpg	audio-speakers.jpg
6	category/images/avto-navigators.jpg	avto-navigators.jpg
9	category/images/copters.jpg	copters.jpg
10	category/images/game-pads-and-notebooks.jpg	game-pads-and-notebooks.jpg
11	category/images/game-pads.jpg	game-pads.jpg
12	category/images/gps-trackers.jpg	gps-trackers.jpg
13	category/images/microscops.jpg	microscops.jpg
14	category/images/monitors_F9hyXG6.png	monitors_F9hyXG6.png
15	category/images/navigators.jpg	navigators.jpg
16	category/images/notebooks.jpg	notebooks.jpg
17	category/images/opticals-means.jpg	opticals-means.jpg
18	category/images/pc-and-accesories.jpg	pc-and-accesories.jpg
19	category/images/pc-system-blocks.jpg	pc-system-blocks.jpg
20	category/images/phones-and-audio-means.jpg	phones-and-audio-means.jpg
21	category/images/phones.jpg	phones.jpg
22	category/images/telescops.jpg	telescops.jpg
23	category/images/television-and-video-means.jpg	television-and-video-means.jpg
24	category/images/tv-media-pads.jpg	tv-media-pads.jpg
25	category/images/TVs.jpg	TVs.jpg
26	category/images/monitors.png	monitors.png
\.


--
-- TOC entry 3665 (class 0 OID 16837)
-- Dependencies: 237
-- Data for Name: django_admin_log; Type: TABLE DATA; Schema: public; Owner: postgres
--

COPY public.django_admin_log (id, action_time, object_id, object_repr, action_flag, change_message, content_type_id, user_id) FROM stdin;
1	2025-05-31 20:06:14.284357+05	19	Колонка JBL Flip 6 (pk=19)	2	[{"changed": {"fields": ["Limited"]}}]	8	1
2	2025-05-31 21:54:44.510876+05	8	Наушники (pk=8)	2	[{"changed": {"fields": ["Favorite"]}}]	14	1
3	2025-05-31 21:55:54.389664+05	2	Квадрокоптеры (pk=2)	2	[{"changed": {"fields": ["Favorite"]}}]	14	1
4	2025-05-31 22:51:17.790963+05	17	Игровые приставки (pk=17)	2	[{"changed": {"fields": ["Favorite"]}}]	14	1
5	2025-05-31 22:57:03.099511+05	16	Игровые приставки и ноутбуки (pk=16)	2	[{"changed": {"fields": ["Favorite"]}}]	14	1
6	2025-05-31 23:11:22.462514+05	16	Игровые приставки и ноутбуки (pk=16)	2	[{"changed": {"fields": ["Favorite"]}}]	14	1
7	2025-05-31 23:11:46.106115+05	17	Игровые приставки (pk=17)	2	[{"changed": {"fields": ["Favorite"]}}]	14	1
8	2025-06-01 14:16:18.302236+05	1	Delivery object (1)	1	[{"added": {}}]	23	1
9	2025-06-01 14:16:33.030063+05	2	Delivery object (2)	1	[{"added": {}}]	23	1
10	2025-06-01 15:00:26.728241+05	1	Delivery object (1)	1	[{"added": {}}]	23	1
11	2025-06-01 15:00:48.971445+05	1	Delivery object (1)	2	[{"changed": {"fields": ["Ordinary price"]}}]	23	1
12	2025-06-01 15:00:59.539003+05	1	Delivery object (1)	2	[{"changed": {"fields": ["Ordinary price"]}}]	23	1
13	2025-06-01 15:08:53.025536+05	1	Delivery object (1)	2	[{"changed": {"fields": ["Ordinary price"]}}]	23	1
14	2025-06-01 15:09:25.307179+05	1	Delivery object (1)	3		23	1
15	2025-06-01 15:09:43.49543+05	2	Delivery object (2)	1	[{"added": {}}]	23	1
16	2025-06-01 15:11:41.733133+05	2	Delivery object (2)	2	[{"changed": {"fields": ["Ordinary price"]}}]	23	1
17	2025-06-01 15:15:55.453977+05	1	Delivery object (1)	1	[{"added": {}}]	23	1
18	2025-06-01 15:17:21.704039+05	1	Delivery object (1)	1	[{"added": {}}]	23	1
19	2025-06-01 16:33:19.944522+05	2	dan	2	[{"changed": {"fields": ["Username", "First name", "Email address"]}}]	4	1
20	2025-06-01 16:37:24.505022+05	2	dan	3		4	1
21	2025-06-12 17:25:33.22079+05	8	daniel	3		4	1
22	2025-08-10 03:21:06.726629+05	1	Sales object (1)	2	[{"changed": {"name": "\\u0422\\u043e\\u0432\\u0430\\u0440 \\u043d\\u0430 \\u0440\\u0430\\u0441\\u043f\\u0440\\u043e\\u0434\\u0430\\u0436\\u0435", "object": "SaleItems object (4)", "fields": ["DateTo"]}}, {"changed": {"name": "\\u0422\\u043e\\u0432\\u0430\\u0440 \\u043d\\u0430 \\u0440\\u0430\\u0441\\u043f\\u0440\\u043e\\u0434\\u0430\\u0436\\u0435", "object": "SaleItems object (1)", "fields": ["DateTo"]}}, {"changed": {"name": "\\u0422\\u043e\\u0432\\u0430\\u0440 \\u043d\\u0430 \\u0440\\u0430\\u0441\\u043f\\u0440\\u043e\\u0434\\u0430\\u0436\\u0435", "object": "SaleItems object (2)", "fields": ["DateTo"]}}, {"changed": {"name": "\\u0422\\u043e\\u0432\\u0430\\u0440 \\u043d\\u0430 \\u0440\\u0430\\u0441\\u043f\\u0440\\u043e\\u0434\\u0430\\u0436\\u0435", "object": "SaleItems object (3)", "fields": ["DateTo"]}}]	7	1
\.


--
-- TOC entry 3667 (class 0 OID 16844)
-- Dependencies: 239
-- Data for Name: django_content_type; Type: TABLE DATA; Schema: public; Owner: postgres
--

COPY public.django_content_type (id, app_label, model) FROM stdin;
1	admin	logentry
2	auth	permission
3	auth	group
4	auth	user
5	contenttypes	contenttype
6	sessions	session
7	products_app	sales
8	products_app	product
9	products_app	productimage
10	products_app	productspecification
11	products_app	productreview
12	products_app	saleitems
13	catalog_app	categoryimage
14	catalog_app	category
15	tags_app	tag
16	basket_app	basket
17	basket_app	basketitem
18	profile_app	profile
19	profile_app	avatar
20	orders_app	order
21	orders_app	payment
22	orders_app	orderproduct
23	orders_app	delivery
\.


--
-- TOC entry 3669 (class 0 OID 16848)
-- Dependencies: 241
-- Data for Name: django_migrations; Type: TABLE DATA; Schema: public; Owner: postgres
--

COPY public.django_migrations (id, app, name, applied) FROM stdin;
1	contenttypes	0001_initial	2025-05-29 19:42:57.723586+05
2	auth	0001_initial	2025-05-29 19:42:57.804996+05
3	admin	0001_initial	2025-05-29 19:42:57.844731+05
4	admin	0002_logentry_remove_auto_add	2025-05-29 19:42:57.862981+05
5	admin	0003_logentry_add_action_flag_choices	2025-05-29 19:42:57.883802+05
6	contenttypes	0002_remove_content_type_name	2025-05-29 19:42:57.925234+05
7	auth	0002_alter_permission_name_max_length	2025-05-29 19:42:57.943177+05
8	auth	0003_alter_user_email_max_length	2025-05-29 19:42:57.963502+05
9	auth	0004_alter_user_username_opts	2025-05-29 19:42:57.982649+05
10	auth	0005_alter_user_last_login_null	2025-05-29 19:42:58.003639+05
11	auth	0006_require_contenttypes_0002	2025-05-29 19:42:58.01259+05
12	auth	0007_alter_validators_add_error_messages	2025-05-29 19:42:58.030951+05
13	auth	0008_alter_user_username_max_length	2025-05-29 19:42:58.056233+05
14	auth	0009_alter_user_last_name_max_length	2025-05-29 19:42:58.078622+05
15	auth	0010_alter_group_name_max_length	2025-05-29 19:42:58.100989+05
16	auth	0011_update_proxy_permissions	2025-05-29 19:42:58.124102+05
17	auth	0012_alter_user_first_name_max_length	2025-05-29 19:42:58.149176+05
18	catalog_app	0001_initial	2025-05-29 19:42:58.185705+05
19	products_app	0001_initial	2025-05-29 19:42:58.266646+05
20	basket_app	0001_initial	2025-05-29 19:42:58.31526+05
21	orders_app	0001_initial	2025-05-29 19:42:58.406677+05
22	profile_app	0001_initial	2025-05-29 19:42:58.473649+05
23	sessions	0001_initial	2025-05-29 19:42:58.486459+05
24	tags_app	0001_initial	2025-05-29 19:42:58.530441+05
25	products_app	0002_product_limited_edition	2025-05-31 19:53:45.37036+05
26	products_app	0002_product_limited	2025-05-31 19:59:40.235736+05
27	catalog_app	0002_category_favorite	2025-05-31 21:45:31.531959+05
34	orders_app	0002_delivery	2025-06-01 15:17:10.947634+05
35	orders_app	0003_alter_order_deliverytype_alter_order_paymenttype_and_more	2025-06-08 20:04:48.843125+05
36	orders_app	0004_alter_order_status	2025-06-08 20:30:54.646422+05
37	profile_app	0002_profile_unique_email_profile_unique_phone	2025-06-08 21:01:23.846976+05
38	orders_app	0005_alter_order_options	2025-06-08 21:07:20.99046+05
39	orders_app	0006_alter_delivery_options	2025-08-06 22:10:22.507828+05
40	basket_app	0002_alter_basketitem_options	2025-08-09 05:04:47.42741+05
41	orders_app	0007_alter_payment_number	2025-08-09 05:10:07.761781+05
42	orders_app	0008_alter_order_status	2025-08-10 01:15:26.865781+05
\.


--
-- TOC entry 3671 (class 0 OID 16854)
-- Dependencies: 243
-- Data for Name: django_session; Type: TABLE DATA; Schema: public; Owner: postgres
--

COPY public.django_session (session_key, session_data, expire_date) FROM stdin;
354i8jnzwe3lrx1ky5d00dwcw0v9513u	.eJxVjMsOwiAQRf-FtSEwpTxcuvcbyEwHpGogKe3K-O_apAvd3nPOfYmI21ri1tMSZxZnocXpdyOcHqnugO9Yb01Ora7LTHJX5EG7vDZOz8vh_h0U7OVb-zTSaDOSCROSBmCXAxgcEmidMSMHl5VGjwyWwLMirbx1QdFggvHi_QH-Pzf4:1uDOQ5:i1IsUNq4V2fp_9H73UP-HjzJeonOqKOf2-zNOAuE-zY	2025-05-23 19:09:45.656+05
d98j27i3l9iz6m9ls8bqtb8bbfix4bf9	.eJxVjMsOwiAQRf-FtSEwpTxcuvcbyEwHpGogKe3K-O_apAvd3nPOfYmI21ri1tMSZxZnocXpdyOcHqnugO9Yb01Ora7LTHJX5EG7vDZOz8vh_h0U7OVb-zTSaDOSCROSBmCXAxgcEmidMSMHl5VGjwyWwLMirbx1QdFggvHi_QH-Pzf4:1uIWfY:OXSGulj_gmIS85SPlfCLn6W_rFPB9hu110CoZxtu_NM	2025-06-06 22:58:56.475+05
jexjnwtaohbyi7iahu3a7i10qmcv237a	e30:1uJEM2:TMPjmmlOfocxuDuSKvbeyy8bf_btx3VuVcQ1WFvblRg	2025-06-08 21:37:42.878+05
ku7bv7avn1ewf902vxrxdp1uciv3vqqk	.eJxVjMsOwiAQRf-FtSEwpTxcuvcbyEwHpGogKe3K-O_apAvd3nPOfYmI21ri1tMSZxZnocXpdyOcHqnugO9Yb01Ora7LTHJX5EG7vDZOz8vh_h0U7OVb-zTSaDOSCROSBmCXAxgcEmidMSMHl5VGjwyWwLMirbx1QdFggvHi_QH-Pzf4:1uCGyc:HnJTcFLH-KSJX4hcVBuXP_W5z1aLB_s-slBQHB0aswA	2025-05-20 17:00:46.281+05
pt9wtvierfxt1im6ckt53b879z40yxx6	.eJxVjMsOwiAQRf-FtSEwpTxcuvcbyEwHpGogKe3K-O_apAvd3nPOfYmI21ri1tMSZxZnocXpdyOcHqnugO9Yb01Ora7LTHJX5EG7vDZOz8vh_h0U7OVb-zTSaDOSCROSBmCXAxgcEmidMSMHl5VGjwyWwLMirbx1QdFggvHi_QH-Pzf4:1uDOUz:eM1FqDTrfCGRq9fneo-qlJlvKQEkX_4ps3vWw3u-LTc	2025-05-23 19:14:49.557+05
ylxf5wkrf9fx8nv53eajeu5vqh85r9k4	.eJxVjMsOwiAQRf-FtSEwpTxcuvcbyEwHpGogKe3K-O_apAvd3nPOfYmI21ri1tMSZxZnocXpdyOcHqnugO9Yb01Ora7LTHJX5EG7vDZOz8vh_h0U7OVb-zTSaDOSCROSBmCXAxgcEmidMSMHl5VGjwyWwLMirbx1QdFggvHi_QH-Pzf4:1uAVmS:6rZkhfkFkUbwgCCwldenU5aQCdeN2ryigm48LBQtY5k	2025-05-15 20:24:56.825+05
a2i49mso2cp1qjaz8b3y9ygdeh6aka1b	.eJxVjMsOwiAQRf-FtSEwpTxcuvcbyEwHpGogKe3K-O_apAvd3nPOfYmI21ri1tMSZxZnocXpdyOcHqnugO9Yb01Ora7LTHJX5EG7vDZOz8vh_h0U7OVb-zTSaDOSCROSBmCXAxgcEmidMSMHl5VGjwyWwLMirbx1QdFggvHi_QH-Pzf4:1uLlHR:jwQmlNbizSluYHufRPWxdiAnpnTd8cbjy6WZ90uz_Ks	2025-06-15 21:11:25.815577+05
8c8bqcidfb40f2peps0oxc4fsfo6hewn	.eJxVjMsOwiAQRf-FtSEwpTxcuvcbyEwHpGogKe3K-O_apAvd3nPOfYmI21ri1tMSZxZnocXpdyOcHqnugO9Yb01Ora7LTHJX5EG7vDZOz8vh_h0U7OVb-zTSaDOSCROSBmCXAxgcEmidMSMHl5VGjwyWwLMirbx1QdFggvHi_QH-Pzf4:1uRaOz:R9wXSXh5mxZOdErGZBic8TkmmGLHqH8QOvJqdwi74OI	2025-07-01 22:47:17.014591+05
j7xron8t7nrjrmu78uxiewzwvt37wofd	e30:1uhXBa:Fp4DE4sxcYidG71Yjstrow4TAzSkSymLmg8Sb8c5cQs	2025-08-14 22:35:22.783744+05
9m2fg9sa4aq9idvfvmyrhg53jpxlasev	.eJxVjMEOwiAQRP-FsyEs7YJ49O43kAUWqRpISnsy_rtt0oMmc5r3Zt7C07oUv3ae_ZTERThx-u0CxSfXHaQH1XuTsdVlnoLcFXnQLm8t8et6uH8HhXrZ1sgWBk2KYtLRoAE7amDDOTh7VhkR3JbMmOIIGUIerFM6OjQDZYYgPl_XTTes:1uks2E:HRLoIEWL58mNH1p5zZbLFjkm1uaH5XMlXgXjtPHRBGo	2025-08-24 03:27:30.793935+05
7euksf3xz0l2y5o7dpuzh4hse1r80ca5	.eJxVjDsOwjAQBe_iGlmO7XVkSnrOEO3PJIBiKU4qxN0hUgpo38y8lxlwW8dha7oMk5iz6czpdyPkh847kDvOt2q5zusykd0Ve9Bmr1X0eTncv4MR2_iti4ASFQVOObjiSyfRFU2Y-yA5RmCPvYLTLmQVkKQY2TP4xI4UyLw_EPs48Q:1ul90K:Sy8YxFt5I5un0IEIB8hz88hrZMuQry713unQkjFRk4Y	2025-08-24 21:34:40.017553+05
\.


--
-- TOC entry 3672 (class 0 OID 16859)
-- Dependencies: 244
-- Data for Name: orders_app_delivery; Type: TABLE DATA; Schema: public; Owner: postgres
--

COPY public.orders_app_delivery (id, ordinary_price, express_price, free_delivery_price) FROM stdin;
1	200.00	500.00	2000.00
\.


--
-- TOC entry 3674 (class 0 OID 16863)
-- Dependencies: 246
-- Data for Name: orders_app_order; Type: TABLE DATA; Schema: public; Owner: postgres
--

COPY public.orders_app_order (id, "createdAt", "fullName", email, phone, "paymentType", "totalCost", status, city, address, user_id, "deliveryType") FROM stdin;
29	2025-05-12 01:07:20.775+05	John Walles	admin1@gmail.com	88001234568	ONLINE	30327.00	PAIDED	Panama	Nilson str 21	1	ORDINARY
30	2025-05-12 01:15:08.906+05	John Walles	admin1@gmail.com	88001234568	ONLINE	33003.00	PAIDED	New rino	Liswer str. 34	1	ORDINARY
31	2025-05-13 22:45:06.544+05	John Walles	admin1@gmail.com	88001234568	ONLINE	43478.30	PAIDED	Perm	Gogolya 23	1	ORDINARY
32	2025-05-13 23:32:59.599+05	John Walles	admin1@gmail.com	88001234568	ONLINE	3782.00	PAIDED	\N	\N	1	ORDINARY
34	2025-05-14 00:13:57.042+05	John Walles	admin1@gmail.com	88001234568	ONLINE	6313.00	PAIDED	Damask	Apple Avenyu 21	1	ORDINARY
35	2025-05-21 23:46:51.709+05	Bob Sendler	bob@rambler.com	89994563271	ONLINE	9953.00	PAIDED	czxcZx	fgnfgn	6	ORDINARY
36	2025-05-22 22:11:07.631+05	Bob Sendler	bob@rambler.com	89994563271	ONLINE	35939.00	PAIDED	Virginia	Lorem str 12	6	ORDINARY
37	2025-05-23 00:07:07.701+05	fvzvzdv	vdasdas@mail.com	79227896545	ONLINE	31849.00	PAIDED	dfv	dva	5	ORDINARY
38	2025-05-23 01:06:44.451+05	Mat Falcon	mat@email.com	89631475263	ONLINE	8312.00	PAIDED	fvvszvd	zdfvavf	5	ORDINARY
39	2025-05-23 01:10:38.406+05	Mat Falcon	mat@email.com	89631475263	ONLINE	0.00	NEW	\N	\N	5	ORDINARY
40	2025-05-23 19:39:47.303+05	\N	\N	\N	ONLINE	0.00	NEW	\N	\N	\N	ORDINARY
41	2025-05-23 20:09:16.492+05	\N	\N	\N	ONLINE	0.00	NEW	\N	\N	\N	ORDINARY
42	2025-05-23 20:31:49.244+05	Nick Groover	nick@email.com	89631478523	ONLINE	10209.00	PAIDED	sdfvfvsdf	fdvdfvsfv 12	7	ORDINARY
43	2025-05-23 22:40:35.75+05	John Walles	admin1@gmail.com	88001234568	ONLINE	16485.00	PAIDED	London	Downing str 23	1	ORDINARY
44	2025-05-23 22:47:37.905+05	Bob Sendler	bob@rambler.com	89994563271	SOMEONE	15270.00	PAIDED	vsdfv	dfvsfdv	6	ORDINARY
45	2025-05-31 18:09:55.408797+05	\N	\N	\N	ONLINE	0.00	NEW	\N	\N	\N	ORDINARY
55	2025-06-01 17:21:02.465682+05	\N	\N	\N	ONLINE	0.00	NEW	\N	\N	\N	ORDINARY
56	2025-06-01 17:21:34.199763+05	\N	\N	\N	ONLINE	0.00	NEW	\N	\N	\N	ORDINARY
68	2025-06-01 21:42:43.172148+05	John Walles	admin1@gmail.com	88001234568	ONLINE	9189.00	PAIDED	Novosib	Lenina 65	1	EXPRESS
46	2025-05-31 18:10:22.351422+05	Bob Sendler	bob@rambler.com	89994563271	ONLINE	23821.00	PAIDED	London	Downing str.78	6	ORDINARY
49	2025-05-31 19:37:32.293233+05	Bob Sendler	bob@rambler.com	89994563271	SOMEONE	0.00	AWAITING_PAYMENT	zdvz	zvzv	6	ORDINARY
50	2025-06-01 15:18:20.692858+05	\N	\N	\N	ONLINE	0.00	NEW	\N	\N	\N	ORDINARY
51	2025-06-01 15:44:44.225841+05	John Walles	admin1@gmail.com	88001234568	ONLINE	6313.00	PAIDED	London	Port str 12	1	ORDINARY
52	2025-06-01 16:34:07.978972+05	\N	\N	\N	ONLINE	0.00	NEW	\N	\N	\N	ORDINARY
74	2025-06-12 19:50:09.958647+05	\N	\N	\N	ONLINE	28125.00	NEW	\N	\N	\N	ORDINARY
53	2025-06-01 17:03:10.385168+05	Nick Groover	nick@email.com	89631478523	ONLINE	770.15	PAIDED	NY	Farm str 12	7	ORDINARY
54	2025-06-01 17:11:35.507033+05	\N	\N	\N	ONLINE	0.00	NEW	\N	\N	\N	ORDINARY
67	2025-06-01 18:56:19.42706+05	Mat Falcon	mat@email.com	89631475263	ONLINE	18777.00	PAIDED	zxcvz	vzvz	5	EXPRESS
64	2025-06-01 18:41:25.427074+05	Nick Groover	nick@email.com	89631478523	ONLINE	970.15	PAIDED	zdvasd	sadasdca	7	ORDINARY
59	2025-06-01 18:12:52.628309+05	Nick Groover	nick@email.com	89631478523	ONLINE	4780.30	PAIDED	dvsdf	sdfvsdf	7	EXPRESS
60	2025-06-01 18:18:14.835551+05	Nick Groover	nick@email.com	89631478523	ONLINE	0.00	NEW	\N	\N	7	ORDINARY
61	2025-06-01 18:21:48.330202+05	\N	\N	\N	ONLINE	0.00	NEW	\N	\N	\N	ORDINARY
62	2025-06-01 18:23:59.685594+05	Nick Groover	nick@email.com	89631478523	ONLINE	770.15	NEW	\N	\N	7	ORDINARY
28	2025-05-12 00:23:20.05+05	John Walles	admin1@gmail.com	88001234568	SOMEONE	7185.00	AWAITING_PAYMENT	DS	asdSD	1	ORDINARY
65	2025-06-01 18:50:42.881898+05	Mat Falcon	mat@email.com	89631475263	ONLINE	5023.00	PAIDED	zcvz	zcvzxcv	5	EXPRESS
66	2025-06-01 18:52:35.161751+05	Mat Falcon	mat@email.com	89631475263	ONLINE	18277.00	NEW	\N	\N	5	ORDINARY
69	2025-06-12 14:53:05.030485+05	\N	\N	\N	ONLINE	15381.10	NEW	\N	\N	\N	ORDINARY
72	2025-06-12 15:38:48.150363+05	\N		\N	ONLINE	6313.00	NEW	\N	\N	\N	ORDINARY
70	2025-06-12 15:25:24.724491+05	\N		\N	ONLINE	6313.00	NEW	\N	\N	\N	ORDINARY
71	2025-06-12 15:30:48.167107+05	\N		\N	ONLINE	6313.00	NEW	\N	\N	\N	ORDINARY
73	2025-06-12 19:44:58.527713+05	Nick Groover	nick@email.com	89631478523	ONLINE	15270.00	PAIDED	sdfbsfv	sdfvsdffs	7	ORDINARY
75	2025-06-12 19:54:18.041214+05	Daniel	daniel@email.com	79874563254	ONLINE	6313.00	PAIDED	sdfsdfv	sdfvsdf	9	ORDINARY
78	2025-06-12 21:40:20.916983+05	Daniel		\N	ONLINE	28125.00	NEW	\N	\N	9	ORDINARY
81	2025-08-09 18:58:53.859547+05	Mat Falcon	mat@email.com	89631475263	ONLINE	13590.00	NEW	\N	\N	5	ORDINARY
82	2025-08-09 19:47:28.904223+05	Mat Falcon	mat@email.com	89631475263	ONLINE	6313.00	PAIDED	\N	\N	5	ORDINARY
83	2025-08-09 22:35:51.830116+05	Mat Falcon	mat@email.com	89631475263	ONLINE	21973.00	NEW	\N	\N	5	ORDINARY
84	2025-08-09 22:43:17.138372+05	Mat Falcon	mat@email.com	89631475263	ONLINE	28125.00	NEW	\N	\N	5	ORDINARY
20	2025-05-11 15:16:21.468+05	John Walles	admin1@gmail.com	88001234568	ONLINE	3160.30	CONFIRMED	mosk	lenina	1	ORDINARY
85	2025-08-09 23:09:53.086357+05	Mat Falcon	mat@email.com	89631475263	ONLINE	45754.00	NEW	\N	\N	5	ORDINARY
86	2025-08-09 23:16:52.875998+05	Luci Ferol	luci@email.com	89874563212	SOMEONE	45754.00	NEW	sdfsdf	sdfsdfs	5	EXPRESS
21	2025-05-11 17:06:25.377+05	John Walles	admin1@gmail.com	88001234568	ONLINE	9640.30	CONFIRMED	novosib	pryanik	1	ORDINARY
22	2025-05-11 19:15:06.131+05	John Walles	admin1@gmail.com	88001234568	ONLINE	22006.00	CONFIRMED	sdfvsdfv	advadv	1	ORDINARY
23	2025-05-11 22:46:25.25+05	John Walles	admin1@gmail.com	88001234568	ONLINE	10858.00	CONFIRMED	Moscow	Lenina 52	1	ORDINARY
24	2025-05-11 22:56:23.322+05	John Walles	admin1@gmail.com	88001234568	ONLINE	1841.00	CONFIRMED	SPB	Nevskiy 21	1	ORDINARY
25	2025-05-12 00:13:43.783+05	John Walles	admin1@gmail.com	88001234568	ONLINE	7185.00	CONFIRMED	Saratov	Karlova 32	1	ORDINARY
26	2025-05-12 00:14:42.907+05	John Walles	admin1@gmail.com	88001234568	ONLINE	7185.00	CONFIRMED	zdvfsd	adsvav	1	ORDINARY
27	2025-05-12 00:20:28.997+05	John Walles	admin1@gmail.com	88001234568	ONLINE	7185.00	CONFIRMED	sfgbs	erg	1	ORDINARY
57	2025-06-01 17:55:56.705166+05	Nick Groover	nick@email.com	89631478523	ONLINE	0.00	CONFIRMED	\N	\N	7	ORDINARY
47	2025-05-31 19:05:05.041885+05	Bob Sendler	bob@rambler.com	89994563271	SOMEONE	0.00	CONFIRMED	Galich	Por 12	6	ORDINARY
48	2025-05-31 19:35:40.389686+05	Bob Sendler	bob@rambler.com	89994563271	SOMEONE	0.00	CONFIRMED	sdfsdfv	sfdvsfd	6	ORDINARY
58	2025-06-01 18:10:04.892679+05	Nick Groover	nick@email.com	89631478523	ONLINE	0.00	CONFIRMED	True	True	7	ORDINARY
63	2025-06-01 18:28:06.559677+05	Nick Groover	nick@email.com	89631478523	ONLINE	970.15	CONFIRMED	dvad	adca	7	ORDINARY
76	2025-06-12 20:23:00.910973+05	Daniel Craig	daniel@mail.com	79001234567	ONLINE	13736.00	CONFIRMED	xbfdfb	sdfsvdf	9	ORDINARY
77	2025-06-12 21:27:48.312674+05	Daniel Craig	dan.2@mail.com	78009654123	ONLINE	8835.00	CONFIRMED	xbxvbx	zvzvd	9	ORDINARY
79	2025-06-12 21:47:38.689158+05	Daniel Craig	dan2.mail@mail.com	78963214758	ONLINE	28125.00	CONFIRMED	sgfbsgf	fjfjfghd	9	ORDINARY
80	2025-06-12 22:11:18.033686+05	Daniel Bowwie	dan3@mail.com	79999994512	ONLINE	8189.00	CONFIRMED	sfgbsfgb	dfgbdfsgb	9	ORDINARY
87	2025-08-10 03:26:45.553968+05	Linda Pitstar	linda@mail.com	79543695412	SOMEONE	18884.00	PAIDED	Pitsburg	Homeless str. 48	9	ORDINARY
88	2025-08-10 04:12:27.059243+05	Sara Foster	sara_f@mail.com	79882587496	SOMEONE	5030.00	PAIDED	Luxemburg	Oslter str. 34	9	EXPRESS
\.


--
-- TOC entry 3676 (class 0 OID 16869)
-- Dependencies: 248
-- Data for Name: orders_app_orderproduct; Type: TABLE DATA; Schema: public; Owner: postgres
--

COPY public.orders_app_orderproduct (id, count, price, added_at, order_id, product_id) FROM stdin;
14	1	1620.00	2025-05-11 15:16:21.486+05	20	4
15	2	770.15	2025-05-11 15:16:21.505+05	20	11
16	1	1620.00	2025-05-11 17:06:25.393+05	21	4
17	2	770.15	2025-05-11 17:06:25.409+05	21	11
18	1	12564.00	2025-05-11 19:15:06.154+05	22	15
19	1	9442.00	2025-05-11 19:15:06.172+05	22	19
20	1	5802.00	2025-05-11 22:46:25.272+05	23	6
21	1	5056.00	2025-05-11 22:46:25.292+05	23	21
22	1	4530.00	2025-05-11 22:46:25.311+05	23	26
23	1	1841.00	2025-05-11 22:56:23.338+05	24	8
24	1	48509.00	2025-05-11 22:56:23.355+05	24	9
25	1	3403.00	2025-05-12 00:13:43.802+05	25	5
26	1	3782.00	2025-05-12 00:13:43.824+05	25	23
27	1	1845.00	2025-05-12 00:13:43.842+05	25	24
28	1	3403.00	2025-05-12 00:14:42.929+05	26	5
29	1	3782.00	2025-05-12 00:14:42.966+05	26	23
30	1	1845.00	2025-05-12 00:14:42.993+05	26	24
31	1	3403.00	2025-05-12 00:20:29.024+05	27	5
32	1	3782.00	2025-05-12 00:20:29.045+05	27	23
33	1	1845.00	2025-05-12 00:20:29.063+05	27	24
34	1	3403.00	2025-05-12 00:23:20.072+05	28	5
35	1	3782.00	2025-05-12 00:23:20.09+05	28	23
36	1	1845.00	2025-05-12 00:23:20.107+05	28	24
37	4	4530.00	2025-05-12 01:07:20.796+05	29	26
38	1	12207.00	2025-05-12 01:07:20.815+05	29	27
39	1	9953.00	2025-05-12 01:15:08.927+05	30	14
40	1	6313.00	2025-05-12 01:15:08.944+05	30	20
41	1	4530.00	2025-05-12 01:15:08.961+05	30	26
42	1	12207.00	2025-05-12 01:15:08.978+05	30	27
43	4	3403.00	2025-05-13 22:45:06.571+05	31	5
44	3	9442.00	2025-05-13 22:45:06.59+05	31	19
45	2	770.15	2025-05-13 22:45:06.608+05	31	11
46	1	3782.00	2025-05-13 23:32:59.616+05	32	23
48	1	6313.00	2025-05-14 00:13:57.067+05	34	20
49	1	9953.00	2025-05-21 23:46:51.737+05	35	14
50	1	8835.00	2025-05-22 22:38:06.567+05	36	13
51	1	1841.00	2025-05-22 22:39:13.624+05	36	8
52	1	25263.00	2025-05-22 22:43:46.348+05	36	17
53	1	5802.00	2025-05-23 00:07:07.719+05	37	6
54	1	10777.00	2025-05-23 00:19:02.299+05	37	10
55	1	15270.00	2025-05-23 00:25:09.288+05	37	16
56	1	3782.00	2025-05-23 01:06:44.482+05	38	23
57	1	4530.00	2025-05-23 01:06:44.502+05	38	26
58	1	1620.00	2025-05-23 01:10:38.427+05	39	4
59	1	5056.00	2025-05-23 19:39:47.326+05	40	21
60	1	4530.00	2025-05-23 19:39:47.341+05	40	26
61	1	1845.00	2025-05-23 20:09:16.517+05	41	24
62	3	3403.00	2025-05-23 20:31:49.27+05	42	5
63	1	16485.00	2025-05-23 22:40:36.004+05	43	1
64	1	15270.00	2025-05-23 22:47:37.93+05	44	16
65	2	3403.00	2025-05-31 18:09:55.436606+05	45	5
66	7	3403.00	2025-05-31 18:10:22.374197+05	46	5
67	1	8189.00	2025-05-31 19:05:05.068738+05	47	7
68	1	920.50	2025-05-31 19:35:40.414623+05	48	8
69	1	1620.00	2025-05-31 19:37:32.318627+05	49	4
70	1	6313.00	2025-06-01 15:18:20.717526+05	50	20
71	1	6313.00	2025-06-01 15:44:44.247795+05	51	20
72	1	28125.00	2025-06-01 16:34:08.002529+05	52	12
73	1	770.15	2025-06-01 17:03:10.410181+05	53	11
74	1	770.15	2025-06-01 17:11:35.594606+05	54	11
75	1	770.15	2025-06-01 17:21:02.722756+05	55	11
76	1	770.15	2025-06-01 17:21:34.22518+05	56	11
77	2	770.15	2025-06-01 17:55:56.962215+05	57	11
78	2	1845.00	2025-06-01 17:55:56.979095+05	57	24
79	2	1620.00	2025-06-01 18:10:04.916496+05	58	4
80	2	770.15	2025-06-01 18:10:04.929181+05	58	11
81	2	1620.00	2025-06-01 18:12:52.651274+05	59	4
82	2	770.15	2025-06-01 18:12:52.663527+05	59	11
83	1	770.15	2025-06-01 18:18:14.918479+05	60	11
84	1	770.15	2025-06-01 18:21:48.395772+05	61	11
85	1	770.15	2025-06-01 18:23:59.732693+05	62	11
86	1	770.15	2025-06-01 18:28:06.607121+05	63	11
87	1	770.15	2025-06-01 18:41:25.47297+05	64	11
88	1	1620.00	2025-06-01 18:50:42.899772+05	65	4
89	1	3403.00	2025-06-01 18:50:42.912213+05	65	5
90	1	8835.00	2025-06-01 18:52:35.195271+05	66	13
91	1	9442.00	2025-06-01 18:52:35.221862+05	66	19
92	1	8835.00	2025-06-01 18:56:19.459197+05	67	13
93	1	9442.00	2025-06-01 18:56:19.486731+05	67	19
94	1	8189.00	2025-06-01 21:42:43.189333+05	68	7
95	1	15381.10	2025-06-12 14:53:05.055302+05	69	18
96	1	6313.00	2025-06-12 15:25:24.743671+05	70	20
97	1	6313.00	2025-06-12 15:30:48.187067+05	71	20
98	1	6313.00	2025-06-12 15:38:48.169851+05	72	20
99	1	15270.00	2025-06-12 19:44:58.546167+05	73	16
100	1	28125.00	2025-06-12 19:50:09.974028+05	74	12
101	1	6313.00	2025-06-12 19:54:18.070037+05	75	20
102	1	13736.00	2025-06-12 20:23:00.93088+05	76	22
103	1	8835.00	2025-06-12 21:27:48.336468+05	77	13
104	1	28125.00	2025-06-12 21:40:21.006011+05	78	12
105	1	28125.00	2025-06-12 21:47:38.708115+05	79	12
106	1	8189.00	2025-06-12 22:11:18.102321+05	80	7
107	3	4530.00	2025-08-09 18:58:53.888127+05	81	26
108	1	6313.00	2025-08-09 19:47:29.100075+05	82	20
109	1	21973.00	2025-08-09 22:35:51.856141+05	83	18
110	1	28125.00	2025-08-09 22:43:17.187544+05	84	12
111	1	45754.00	2025-08-09 23:09:53.127408+05	85	3
112	1	45754.00	2025-08-09 23:16:52.920642+05	86	3
113	2	9442.00	2025-08-10 03:26:45.575207+05	87	19
114	1	4530.00	2025-08-10 04:12:27.084405+05	88	26
\.


--
-- TOC entry 3678 (class 0 OID 16874)
-- Dependencies: 250
-- Data for Name: orders_app_payment; Type: TABLE DATA; Schema: public; Owner: postgres
--

COPY public.orders_app_payment (id, number, name, month, year, code, order_id) FROM stdin;
7	3423	Cd	11	2342	222	28
9	\N	\N	\N	\N	\N	30
10	\N	\N	\N	\N	\N	31
11	\N	\N	\N	\N	\N	32
29	9999	sdfsf	03	21	345	73
25	11111	afadf	11	23	111	64
20	222222	ddvzsdvzv	03	23	222	44
14	111111	Seld Asan	11	23	222	35
15	22222	Sled Various	04	22	333	36
26	452345	dfvsfdvs	11	23	345	65
17	555555	asdcascda	07	22	666	38
13	1111111	zczcvz	12	22	111	34
18	555555	Credit card	07	22	777	42
19	888888	Bouncy Catcher	03	23	678	43
27	45634	sdfsfdgs	05	22	567	67
24	11111	vzvva	11	23	111	59
23	11111	sdfvsfdv	11	23	222	53
22	43333	sdfvsdf	03	23	222	51
8	453453	Bob Byt	21	2334	333	29
21	456456	sdvsdv	03	22	333	46
28	33444	Ещё Сельдерей	06	23	555	68
16	333333	sdasda	02	23	222	37
30	563456	dgfdgbd	09	22	765	75
31	12345678	advad	11	2024	345	82
32	12312312	Lirb Stak	02	2024	123	88
\.


--
-- TOC entry 3680 (class 0 OID 16878)
-- Dependencies: 252
-- Data for Name: products_app_product; Type: TABLE DATA; Schema: public; Owner: postgres
--

COPY public.products_app_product (id, price, count, date, title, description, "fullDescription", "freeDelivery", available, category_id, limited) FROM stdin;
1	47100.00	4	2025-03-31 23:23:06.76+05	Ноутбук ASUS Asus_ROG_G16_i7	ASUS Asus_ROG_G16_i7 Игровой ноутбук 16", Intel Core i7-13620H, RAM 16 ГБ, SSD 512 ГБ, NVIDIA GeForce RTX 4070 для ноутбуков (8 Гб), Windows Home, (GU603VI-G16.I74070), темно-серый, Английская раскладка	ASUS ROG Zephyrus G16 — это идеальное решение для геймеров и профессионалов. \r\n\r\nЭтот ультратонкий игровой ноутбук оснащен мощным процессором Intel Core i7 13-го поколения, видеокартой NVIDIA GeForce RTX 4070 и 16-дюймовым дисплеем с частотой обновления 165 Гц.\r\n\r\nУстройство весит всего 2 кг и имеет аккумулятор на 90 Вт·ч, обеспечивая длительное время работы без подзарядки. Матовое покрытие экрана и антибликовая технология делают работу комфортной при любом освещении. Высококачественное охлаждение с использованием жидкого металла позволяет ноутбуку оставаться производительным даже под высокой нагрузкой.\r\n\r\nПоддержка технологий Dolby Vision, G-Sync и Thunderbolt 4 позволяет насладиться играми и мультимедиа на максимуме возможностей. \r\n\r\nASUS ROG Zephyrus G16 — это стиль, портативность и мощь в одном корпусе.	f	t	18	t
4	1620.00	200	2025-04-01 00:03:50.718+05	Смарт-трекер Ugreen CM520	Смарт-трекер Ugreen CM520 с поддержкой Bluetooth и GPS только для IOS. Смарт трекер для Apple. AirTag. Bluetooth метка	Принцип работы устройства заключается в том, что оно отслеживает местоположение с помощью GPS и передает данные через сотовую сеть. Bluetooth, как правило, используется для более близкого соединения и настройки устройства с мобильным телефоном, однако важно заметить, что Bluetooth не заменяет GPS и работает на более короткие расстояния. GPS и Bluetooth в этом устройстве не работают отдельно — они дополняют друг друга для повышения точности и удобства использования.\r\n\r\n✅ Преимущества Смарт-трекера Ugreen CM520\r\n\r\nОдним из основных преимуществ смарт-трекера Ugreen CM520 является его универсальность. Это хороший выбор для тех, кто ищет GPS трекер для автомобиля, детей или других объектов. Он обладает точным GPS, который обеспечивает стабильную работу даже в сложных условиях. Также стоит отметить длительное время работы устройства от аккумулятора, что делает его удобным для длительного отслеживания.\r\n\r\nВ отличие от других смарт-трекеров, Ugreen CM520 может работать с мобильным приложением, которое позволяет пользователю отслеживать местоположение в реальном времени, устанавливать геозоны и получать уведомления.\r\n\r\nВремя работы устройства и скорость передачи данных — это важные аспекты, которые выделяют эту модель среди конкурентов.\r\n\r\n✅ Для каких устройств и предметов подходит смарт-трекер Ugreen CM520 Смарт-трекер Ugreen CM520 подойдет для отслеживания различных объектов. Он часто используется как gps трекер для автомобиля, обеспечивая владельцам полную информацию о местоположении их транспортных средств. Также устройство идеально подходит для трекера gps для детей, позволяя родителям всегда быть уверенными в безопасности своих детей.\r\n\r\nКроме того, Ugreen CM520 можно использовать для отслеживания домашних животных, велосипедов, чемоданов, а также любых других предметов, которые могут быть в зоне риска потери. Благодаря компактным размерам и надежной технологии, этот трекер можно прикрепить к любому объекту и использовать без ограничений.\r\n\r\n✅ Чем лучше других смарт-трекеров модель Ugreen CM520\r\n\r\nСмарт-трекер Ugreen CM520 выделяется среди других моделей на рынке благодаря сочетанию нескольких важных характеристик. Он предлагает стабильную работу GPS и Bluetooth, точность в отслеживании, а также простоту использования через мобильное приложение. В отличие от многих моделей, этот трекер также имеет хорошее время автономной работы, что делает его удобным для длительного отслеживания.\r\n\r\nУстройство также имеет функциональность, которая делает его удобным для пользователей, предпочитающих контроль в реальном времени и возможность получения уведомлений о перемещении объекта. Все эти особенности делают Ugreen CM520 идеальным выбором для различных нужд, таких как gps трекер для детей и gps трекер для автомобиля.	f	t	14	t
5	3403.00	250	2025-04-01 00:08:48.037+05	Маяк АвтоОко24 BEACON	Маяк АвтоОко24 BEACON – это портативное автономное спутниковое устройство, предназначено для определения точного местоположения объекта. Передача владельцу координат объекта осуществляется по протоколу GPRS.	Маяк АвтоОко24 BEACON может быть использован в следующих целях :\r\nОпределение местоположения транспортных средств.\r\nЗащита от угона и обнаружение угнанных транспортных средств..\r\nМониторинг передвижения посылок, грузов и их поиск в случае утери..\r\nКонтроль личного багажа..\r\nКонтроль за животными..\r\nОбеспечение сохранности автоматов самообслуживания, мобильных витрин, электрогенераторов.\r\nРазмещается на объекте мониторинга (например, в автомобиле), не требует подключения к бортовой сети объекта. В случае угона или контроля, маяк дает возможность определить точное местоположение объекта Для определения местоположения использует навигационную систему GPS/GLONASS, в случаях, когда объект попадает в зону отсутствия GPS сигнала (подземный паркинг, гаражный бокс) местоположение определится при помощи технологии LBS позиционирования. Устройство использует стандартный типоразмер батареек - АА (пальчиковые). Пользователю доступны три режима:\r\nИнтервальный - выходит на связь строго по заданному интервалу (например: раз в сутки/каждый час);\r\nАктивный - передает события срабатывания датчика движения (например: при начале и/или завершении движения);\r\nОнлайн - работает по принципу трекера: отработка траектории по углу, скорости, расстоянию, времени (грубый трек).\r\nДля более легкого и быстрого способа подключения оборудования к сотовой связи к оборудованию прилагается бесплатная SIM-карта Российского сотового оператора Мегафон. SIM-карта работает в любой стране мира без абонентской платы! Частично настроена к приобретенному устройству! Для автоматической авторизации пользователя в сети МегаФон необходимо установить данную SIM-карту в приобретенное оборудование. Нельзя устанавливать SIM-карту в любые другие устройства, так как произойдет мгновенная блокировка SIM-карты. По желанию пользователь может вставить данную SIM-карту либо использовать внешнюю SIM-карту абсолютно любого сотового оператора. Внимание: Производитель не является оператором сотовой связи, не предоставляет услуги связи и не несет ответственность за сбои сотовой связи, за обновления инфраструктуры и за изменения условий абонентской платы. Пользователь самостоятельно выбирает SIM-карту сотового оператора, которую он будет использовать в приобретенном устройстве.После установки Маяка АвтоОко24 BEACON скачайте бесплатное мобильное приложение AvtoOko24 для iOS или Android. Абонентской платы за обслуживание НЕТ!Специализированное мобильное приложение AvtoOko24 позволяет автоматически создать учетную запись и имеет возможность пополнять встроенную Sim-карту банковской картой прямо из приложения.	f	t	14	t
10	10777.00	35	2025-04-01 00:33:39.819+05	FPV-шлем 800D	FPV-шлем 800D с DVR	FPV-шлем 800D с функцией DVR — это идеальное решение для всех любителей новых технологий и дронов. Этот аксессуар создан для того, чтобы вы могли наслаждаться полетами на квадрокоптерах, получая полное погружение в увлекательный мир FPV (первого лица). Шлем обеспечит вам высококачественное изображение и удобство использования, что особенно важно во время управления дронем на больших расстояниях.\r\n\r\nОдной из главных особенностей FPV-шлема 800D является наличие встроенного DVR. Это позволяет записывать все ваши полеты в высоком качестве, чтобы вы могли в любой момент пересмотреть самые захватывающие моменты или делиться ими с друзьями. Шлем поддерживает различные разрешения и частоты кадров, что обеспечивает четкость и плавность картинки, даже на высоких скоростях.\r\n\r\nЭргономичный дизайн шлема обеспечивает комфорт даже при длительном использовании. Регулируемые ремешки позволяют подогнать его под любую головную форму, а мягкая внутренность убережет вас от дискомфорта во время длительных полетов. С этим устройством вы сможете полностью сосредоточиться на управлении квадрокоптером, не отвлекаясь на неудобства.\r\n\r\nFPV-шлем 800D совместим с большинством популярных моделей квадрокоптеров, что делает его универсальным выбором для пилотов любого уровня. Независимо от того, являетесь ли вы новичком или опытным пилотом, этот шлем гарантированно улучшит ваш опыт полетов, позволив видеть картинку словно вы сидите за штурвалом своего дрона.\r\n\r\nКроме того, шлем оснащен возможностью подключения к телефонам и другим устройствам, что позволяет использовать различные приложения для улучшения вашего пользовательского опыта. Есть возможность настроить яркость и контрастность изображения, чтобы адаптировать картинку под ваши предпочтения и условия полета. Таким образом, вы сможете настроить все параметры под себя и получить максимально приятное зрительное восприятие.\r\n\r\nС FPV-шлемом 800D вы получите не только качественное изображение и функциональность, но и возможность развивать свои навыки управления квадрокоптером. Встроенные системы предупреждений и индикации помогут вам всегда оставаться в курсе состояния дрона. Вы сможете лучше контролировать его движение и эффективно планировать маневры.\r\n\r\nНе упустите шанс попробовать FPV-полет с этим шлемом. Ощутите свободу и радость полетов, расширяя горизонты своих возможностей. Дайте волю своему творчеству и станьте частью удивительного сообщества FPV-пилотов, исследуя новые горизонты и одновременно записывая свои приключения на видеопленку.\r\n\r\nВыбирайте FPV-шлем 800D с DVR, если хотите сделать ваши полеты более увлекательными и удобными. Предоставьте себе и своим близким незабываемые моменты и впечатления, погружаясь в мир дронов, и создавайте уникальный контент, который будет радовать вас и других. Это не просто аксессуар, это ваш ключ к удивительному опыту.	f	t	3	t
14	9953.00	24	2025-04-01 00:50:27.997+05	Монитор JBEE 27"	JBEE 27" Монитор 100 герц, FULL-HD, IPS, черный матовый	Безрамочный LED монитор для компьютера JBEE с диагональю 27 дюймов сочетает в себе все необходимые свойства современного монитора.\r\nВысокая четкость изображения Full HD и разрешение экрана 1920х1080, точная цветопередача, низкое время отклика, высокая яркость и контрастность, частота обновления экрана 100 Гц, широкий угол обзора, как по вертикали, так и по горизонтали, матовое антибликовое покрытие, защита для глаз, а также меню на русском языке для удобной настройки, три видеопорта и разъемы для подключения наушников.\r\n\r\nБлагодаря высоким техническим характеристикам монитора для ПК JBEE T27 Вы полностью ощутите всю красочность виртуального мира, передаваемого в играх и фильмах, а также оцените удобство работы, как в графических редакторах, так и просто работая с текстом.\r\n\r\nСистема защиты зрения в ЖК-мониторе JBEE T27 реализована благодаря двум технологиями, Low Blue Light и Flicker free, которые в совокупности позволяют значительно снизить нагрузку на глаза пользователя.\r\n\r\nТехнология Low Blue Light уменьшает интенсивность синего света, который вреден для глаз.\r\n\r\nТехнология Flicker free обеспечивает монитор стабильным питанием, благодаря чему устраняется неприятное и утомляющее мерцание изображения.\r\n\r\nС игровым LED монитором JBEE T27 комфортно проводить за компьютером долгие периоды времени, будь то учебные онлайн курсы, прохождение видеоигр, обработка фотографий или верстка кода.\r\nЧем бы вы ни занимались, вашим глазам будет комфортно.\r\n\r\nИгровой монитор JBEE T27 оснащен ЖК панелью IPS класса, которая позволяет получить изображение с максимальным качеством и широким углом обзора.\r\nIPS монитор JBEE T27 воспроизводит яркие цвета без существенных искажений.\r\n\r\nТочная цветопередача незаменима во время учебы или работы с использованием графических материалов, а при просмотре фильма яркая и сочная картинка добавляет дополнительное удовольствие.\r\n\r\nСпециальное покрытие экрана игрового монитора JBEE T27 обеспечивает четкое изображение в любой обстановке и при любом освещении, даже в самый солнечный день.\r\nМатовый экран снижает количество отражаемого света.\r\n\r\nЭкран с антибликовым покрытием не только повышает качество изображения, но и делает работу за компьютером более комфортной как при естественном освещении, так и при ярком искусственном освещении.\r\n\r\nТехнология IPS, по которой изготовлена LED панель игрового монитора JBEE T27, обеспечивает широкие углы обзора 178° как по вертикали, так и по горизонтали.\r\n\r\nБлагодаря широким углам обзора контент на этом ЖК экране могут смотреть одновременно несколько человек, и каждый будет видеть отличную картинку без существенных искажений цветопередачи.\r\n\r\nВ дополнение к широким углам обзора игрового монитора для ПК дополнительное удобство добавляет подставка с настройкой положения экрана, идущая в комплекте.\r\n\r\nНаклон экрана FHD монитора JBEE T27 регулируется в диапазоне от -5° до 20° для индивидуальной настройки рабочего или игрового места под потребности пользователя.\r\n\r\nБезрамочный LED монитор JBEE T27 помещен в металлический корпус, который обеспечивает более эффективное охлаждение внутренних элементов в сравнении с пластиковыми корпусами, и как следствие увеличивает их срок службы и бесперебойную работу.\r\n\r\nИгровой ЖК-монитор совместим с крепежом стандарта VESA, размером 100 х 100 мм, что позволяет установить монитор на стену для экономии пространства на столе.\r\nТакже за счет наличия отверстий для крепежа VESA на задней панели монитора можно поместить мини-компьютер, превратив монитор в полноценный моноблок.\r\n\r\nНа задней панели ЖК-монитора для персонального компьютера расположены три видеовхода для подключения к компьютеру:\r\n- разъем VGA – через видеоинтерфейс VGA осуществляется передача только аналогового видеосигнала, причем без звука, для передачи которого необходим дополнительный канал;\r\n- разъем HDMI для передачи несжатого цифрового видеосигнала вместе с многоканальным аудиосигналом и используется для подключения монитора к системному блоку ПК, ноутбуку, игровой консоли. Обладает большой пропускной способностью, допускает передачу видео высокой четкости;\r\n- видеовход DisplayPort с поддержкой передачи видео в высоком разрешении вместе с многоканальным звуком относится к числу наиболее актуальных для современного монитора.\r\n\r\nБлагодаря трем видео входам обеспечивается возможность работы, как с современными компьютерами, так и с ПК более ранних сборок.\r\n\r\nРазъем DC предназначен для подключения монитора к питанию. Входы Audio in и Audio out предназначены для подключения к монитору наушников и микрофона соответственно.\r\n\r\nПри подключении к ПК с видеокартой, подключайте монитор напрямую к видеокарте.\r\n\r\nБезрамочный LED монитор JBEE T27 оснащен самой современной IPS матрицей, какие есть в настоящее время на рынке мониторов, которая обеспечивает частоту обновления экрана 100 Гц.\r\n\r\nМонитор с частотой обновления экрана 100 Гц в сравнении с монитором на 60 Гц обладает следующими преимуществами:\r\n\r\n- Более плавное изображение: 100-герцовый монитор может отображать больше кадров в секунду, что обеспечивает более плавное и приятное движение на экране.\r\nЭто особенно заметно в играх и при просмотре видео.\r\n\r\n- Снижение размытия при движении: Размытие при движении возникает, когда объекты на экране движутся быстро.\r\nПри более высокой частоте обновления монитора это размытие снижается, и объекты на экране выглядят более четкими.\r\n\r\n- Улучшенная реакция в играх: В играх быстрое время отклика монитора может дать преимущество перед соперниками.\r\n100-герцовый монитор обеспечивает более быструю реакцию на действия игрока.\r\n\r\n- Меньшее утомление глаз: Более высокая частота обновления может снизить нагрузку на глаза, так как они меньше устают при продолжительной работе за монитором.\r\n\r\n- Поддержка контента с высокой частотой кадров: С распространением контента с высокой частотой кадров (например, фильмы в формате HDR с частотой 60 кадров в секунду), монитор с частотой 100 Гц лучше подходит для его отображения.\r\n\r\nБезрамочный LED монитор JBEE T27 позволит полностью погрузиться в атмосферу происходящего на экране.\r\nЧастота обновления экрана до 100 Гц и глубина цвета 16,7 млн выдает отличную четкость и качество изображения во время динамики в играх или фильмах.\r\n\r\nМы уверены в качестве нашей продукции, будем крайне признательны честному отзыву при выборе ЖК игрового монитора.	f	t	11	t
8	1841.00	50	2025-04-01 00:28:39.509+05	Игровая приставка SEGA 16bit	Игровая приставка SEGA 16bit SuperDrive "MILLENIUM", 160 встроенных игр	Ретро приставка 16bit SuperDrive с 160 встроенными играми - идеальный выбор для поклонников классических видеоигр. Погрузитесь в атмосферу детства и вновь испытайте восторг от легендарных хитов, таких как Дюна, Бастер Банни, Мортал Комбат и Desert Strike. Эта игровая консоль предоставляет вам возможностью наслаждаться любимыми играми прошлых лет вновь и вновь.\r\n\r\nВ комплект входят два турбо джойстика (1.5 м), которые обеспечат комфортное и увлекательное управление. Управляйте своими персонажами с высокой точностью и максимально быстро реагируйте на динамичные игровые события. Независимо от вашего возраста, игровая приставка SuperDrive подарит море радости и веселых моментов. А дополнительный слот для картриджей даст Вам возможность бесконечно пополнять любимые игры!\r\n\r\nОсобенности:\r\n\r\n- 166 встроенных игр, включающих различные жанры: от аркад до боевиков и головоломок.\r\n\r\n- Поддержка формата 16bit, что позволяет насладиться плавной графикой и великолепным саундтреком.\r\n\r\n- Два удобных турбо джойстика, позволяющих комфортно играть как одному, так и в компании с друзьями.\r\n\r\n- Компактный и стильный дизайн консоли, который подойдет для любого интерьера.\r\n\r\n- Слот для картриджей 16 bit (16 бит). Пополняйте любимую коллекцию игр бесконечно!\r\n\r\nЭта приставка представляет собой идеальное сочетание ностальгии и современных технологий. Если вы являетесь поклонником сега и денди, то эта приставка станет для вас настоящей находкой. Насладитесь старыми добрыми играми в их лучшем виде благодаря ретро приставке 16bit SuperDrive. Подключайте ее к телевизору и проведите незабываемое время с друзьями и близкими.\r\n\r\nСписок полноценных встроенных игр (166игр*):1. Abrams Tank, 2. Aero Blasters , 3. Aero the acro-bat , 4. After burner 2 , 5. Aladdin, 6. Alien 3 , 7. Alien storm , 8. Animantacs, 9. Ariel Mermaid, 10. Art Alive , 11. Asterix the Power , 12. Back to the future 3 , 13. Bad Omen , 14. Ball Jacks, 15. Barbie Advent , 16. Bare Knuckle 2 , 17. Batman , 18.Battletch , 19. Battle toad, 20. Battle toads 2, 21. Beauty and beast 2, 22. Berens tain bears, 23. Bimini Run, 24. Blockout, 25. Bonanza Bros, 26. Bonkers, 27. Bubba N Stix, 28. Bubble and Squeak, 29. Burning Force, 30. Caesars Palase , 31. Caliber Fifty, 32. Captain Planet, 33. Castle of illusion , 34. Castlevania , 35.Chase HQ2, 36. Chess Master, 37. Clue, 38. Columns 3 , 39. Contra hard corps , 40. Cool Spot, 41. Crossfire, 42. Cutthroat Island, 43. Cyborg Justice, 44. Daffy Duck Hollyw, 45. Dark Castle, 46.Davis Cup World, 47. Decap Attack, 48. Desert demolition, 49. Desert strike, 50. Dick tracy, 51. Double dragon 3, 52. Dracula, 53. Dune 2 , 54. Ecco jr, 55.Exo Squad , 56. Fantasia, 57. Fantastic Dizzy, 58. Fire shark, 59. Flicky, 60. Flints Tones, 61. Gaudilet 4, 62. General chaos, 63. Ghost busters , 64. Global Gladiators, 65. Golden axe 3, 66. Goofy`s hysterical, 67. Granada, 68. Green dog, 69. Gunstar heroes, 70. Hellfire, 71. Hercules, 72. Home alone 2, 73. Indiana Jones, 74. Insector X, 75. It came from desert, 76. James bond 007: duel, 77. Joe and Mac, 78. Juncition, 79. Jungle book, 80. Juarussic park 2, 81. Kawasaki, 82. Klax, 83. Lawmonster Man, 84. Lost vikings, 85. Lotus turbo, 86. Megapanel, 87. Mickeys Ult. Chal., 88. Micro machines, 89. Midnight resistance, 90. Monopoly, 91. Moonwalker , 92. Mortal kombat, 93. Mr. Nuts, 94. Ms.Pac-man, 95. NHL Hockey 93, 96. Nigel Mansells, 97. Olimpic Gold, 98. pac-Attack, 99. Pagemaster, 100. Paperboy, 101. Pink goes to hollywood, 102. Predator 2, 103. Prince of persia, 104. Pro-am championship, 105. Putter Golf, 106. Pyramid Magic, 107. Quack shot, 108. Radical rex, 109. Rambo 3, 110. Ren Stempy, 111. Road blasters, 112. Road rash 2, 113. Robocop 3, 114. Rock'n roll racing, 115. Rolo to the rescue, 116. Second samurai, 117. Shadow Blaster, 118. Shadow Dancer, 119. Shinobi 3 master, 120. Shove It!, 121. Side Pocket, 122. Simpsons Mutants, 123. Smurfs, 124. Snake Rattle, 125. Snow Bross, 126. Sonic 2, 127. Sonic spinball, 128. Space Harrier 2, 129. Space Invaders 91, 130. Spider men Animated, 131. Spider men VS King pin, 132. Splatter house 2, 133. Squirrel king, 134. Sunset Riders, 135. Super air wolf, 136. Super battle ship, 137. Super battle tank, 138. Super hang-on, 139. Super Monaco GP, 140. Talespin, 141. Tazmania, 142.Terminator, 143. Terminator 2, 144. Tetris, 145. Thunder Force 2, 146. Tiny toon Busters, 147. Tom and Jerry, 148. Top gear 2, 149. Toxic crusaders, 150. Treasure Land Advent, 151. Turbo outrun, 152. Turtles Hyperst, 153. Vector man, 154. Verytex, 155. Volfide, 156. Wimbledon Tennis, 157. Winter Challenge, 158. , 159. World of illusion, 160. Zombies.	f	t	17	t
13	8835.00	15	2025-04-01 00:42:23.841+05	Квадрокоптер Syma W3	Квадрокоптер Syma W3 с камерой 2.7K FPV, GPS 5G - SYMA-W3	квадрокоптер SYMA W3 — идеальный выбор для любителей воздушных приключений и съемки с высоты! Этот квадрокоптер с камерой станет отличным спутником как для начинающих, так и для опытных пилотов. С его помощью вы сможете запечатлеть незабываемые моменты и насладиться захватывающими полетами.\r\n\r\nКвадрокоптеры SYMA известны своим качеством и надежностью, и модель W3 не исключение. Оснащенный высококачественной камерой, этот квадрокоптер позволяет делать яркие и четкие фотографии, а также записывать видео в высоком разрешении. Идеально подходит для тех, кто ищет квадрокоптеры с камерой для взрослых, желающих улучшить свои навыки аэросъемки.\r\n\r\nКвадрокоптер SYMA W3 обладает интуитивно понятным управлением, что делает его доступным даже для новичков. Благодаря функции автопилота и стабилизации полета, вы сможете легко управлять им и сосредоточиться на создании потрясающих снимков. Компактный и легкий, этот квадрокоптер легко переносить и использовать в любых условиях.\r\n\r\nКроме того, квадрокоптеры с камерой, такие как SYMA W3, предлагают множество интересных функций, включая режимы полета и специальные эффекты, которые добавят веселья в ваши полеты. С его помощью вы сможете наслаждаться не только полетами, но и творческим процессом создания контента.\r\n\r\nКвадрокоптер Syma W3 с камерой 2.7K FPV, GPS 5G - SYMA-W3 - это новый компактный складной квадрокоптер от Syma. Вес квадрокоптера всего 246 грамм. Регистрация не требуется. Также в комплекте вы найдете удобную сумку для хранения и транспортировки модели.\r\n\r\nОсобенности модели:\r\nКомпактный складной дрон для фото и видео съемки с системой GPS.\r\nОсновная HD камера 2.7K с изменяемым углом наклона. Вертикальная VGA камера с оптическим сенсором, позволяющая получить более четкое изображения основной камеры.\r\nФункция записи видео со звуком (звук пишется через микрофон на Вашем устройстве).\r\nВстроенный модуль GPS с функцией автовозврата и определением гео позиции.\r\nВозврат одной кнопкой, а также автоматический возврат при низком заряде батареи.\r\nПриложение APP с функциями следуй за мной, облет по точкам, полет по заданному маршруту и круговой облет цели.\r\nВозможность управления дроном при помощи жестов рук, создания фотографий или начала записи видеосъемки.\r\nВозможность установки фона или музыкального сопровождения при съемках, отправка фотографий и видео в социальные сети прямо с дрона.	f	t	2	t
16	15270.00	42	2025-04-01 00:57:44.2+05	Системный блок PC Black & White	Black & White PC Системный блок Компьютер Combo i5 512 (Intel Core i5-3470, RAM 16 ГБ, SSD 512 ГБ, Intel HD Graphics 2500, Windows), серый	Компьютер Combo\r\nОтлично подойдет для офиса, дома и учебы. \r\nКомплектация\r\nСистемный блок, Шнур питания, гарантийный талон.	f	t	12	t
17	25263.00	24	2025-04-01 01:00:08.328+05	Системный блок 310H6SM iRU	Системный блок 310H6SM iRU	(Intel Core i3-12100, RAM 8 ГБ, SSD 256 ГБ, Intel UHD Graphics 730, FreeDOS), черный\r\n\r\nКомплектация\r\nСистемный блок, документация	f	t	12	t
20	6313.00	35	2025-04-01 01:10:54.252+05	Наушники Marshall Major IV	Наушники с микрофоном Marshall Major IV, Bluetooth, 3.5 мм, коричневый	Marshall Major IV\r\nВстречайте Major IV, культовые наушники от Marshall с более чем 80 часами беспроводного воспроизведения, беспроводной зарядкой и эргономичным дизайном.\r\n\r\nС более чем тремя полными днями использования вы можете не беспокоиться о том, что ваши наушники перестанут работать, когда они вам понадобятся.\r\n\r\nСпециально настроенные динамики обеспечивают ревущие басы, плавные средние и блестящие высокие частоты для хорошего звука.\r\n\r\nMajor IV обеспечивает звук характерный для Marshall, которого вы и ожидали. В Major IV заложены более чем 55-летние знания о взрывном звуке. Специально настроенные динамические драйверы обеспечивают качественный звук, который вы никогда не захотите отключать.	f	t	8	t
22	13736.00	16	2025-04-01 01:15:54.721+05	Микроскоп цифровой Skymart BeaverLab M2B	Микроскоп цифровой Skymart BeaverLab M2B (Standard), съемный IPS-дисплей 4,3", WiFi и USB, разрешение Full HD, запись фото и видео, беспроводной детский школьный учебный	Цифровой микроскоп BeaverLAB M2B (Standard)\r\nЗнакомьтесь, BeaverLab M2 – первый в мире цифровой микроскоп со съемным экраном! Инструмент оснащен цветным IPS-дисплеем с диагональю 4,3-дюйма, который можно отсоединить от штатива и превратить в самостоятельный переносной микроскоп.\r\n \r\nВ качестве приемника изображений используется ПЗС-матрица с разрешением Full-HD (2 млн. пиксел). Рабочий диапазон увеличений микроскопа: от 10 до 800 крат. Благодаря встроенному WiFi-модулю изображения можно передавать в режиме реального времени на различные смартфоны, планшеты, компьютеры и современные телевизоры. Полученные фотографии и видео можно сохранять с разрешением 1920x1080 как во внутренней памяти устройства (32 Гб), так и на внешних носителях.\r\n\r\nПитание осуществляется от двух встроенных литий-ионных аккумуляторов (в штативе и в тубусе), емкости которых хватает примерно на 5 часов наблюдений.\r\n\r\nДля проведения первых наблюдений прямо «из коробки» данная версия микроскопа M2B (Standard) комплектуется 10 готовыми микропрепаратами. В нашем ассортименте также имеется премиальная версия M2A (Deluxe), у которой, помимо 10 микропрепаратов, имеются: 10 предметных и покровных стекол, 2 контейнера для хранения образцов и инструментов, 3 баночки для образцов, 2 чашки Петри, пипетка, пинцет, цветная иллюстрированная книга о микромире (на английском) и тетрадь для записи наблюдений.\r\nIPS дисплей с диагональю 4,3 дюйма\r\nЦифровой микроскоп BeaverLab M2 оснащен цветным IPS-экраном с диагональю 4,3-дюйма. Экран имеет 24-разрядную глубину цвета и способен отображать 16,7 млн. различных оттенков. Технология IPS обеспечивает более яркие и реалистичные цвета по сравнению с другими дисплеями, а также позволяет получить более широкие углы обзора. При этом IPS-экраны обеспечивают стабильные характеристики цветопередачи в не зависимости от положения зрителя относительно экрана.\r\nУвеличение от 10 до 800 крат\r\nОптическая схема микроскопа позволяет получать увеличения в диапазоне от 10 до 800 крат (оптическое увеличение до 200 крат). Плавное изменение увеличения осуществляется с помощью вращения фокусировочного цилиндра на тубусе микроскопа, а также с помощью кнопок «плюс» и «минус», расположенных на задней панели экрана.\r\nСъемная конструкция\r\nЭкран микроскопа BeaverLAB M2 имеет съемный тубус, который можно отсоединить от основания (штатива) без нарушения функциональности. Таким образом, микроскоп легко превращается из настольного в переносной (портативный). Мобильная версия микроскопа обеспечит вам полную свободу действий в походе, на экскурсии или других мероприятиях на открытом воздухе.\r\nПриемная матрица Full HD\r\nМикроскоп BeaverLAB M2 оснащен 2-мегапиксельной CMOS-матрицей, дающей возможность сохранять фотографии и видео наблюдаемых объектов в формате Full HD (разрешение 1920x1080 пиксел). Такое разрешение позволит в дальнейшем изучать и анализировать полученные изображения на экране ноутбука или компьютера в более крупном масштабе без потери качества.\r\nБеспроводная передача данных\r\nБлагодаря встроенному WiFi-модулю и бесплатному мобильному приложению Beaver Point (для iOS и Android) вы легко сможете загружать изображения и видео с микроскопа BeaverLab M2 на различные смартфоны или планшеты, без необходимости использования USB-кабеля. Беспроводная передача данных позволит вам напрямую делиться своими открытиями с другими людьми и загружать полученные фотографии и видеоклипы в социальные сети.	f	t	6	t
19	9442.00	23	2025-04-01 01:07:05.445+05	Колонка JBL Flip 6	Беспроводная портативная колонка JBL Flip 6, с Bluetooth,черное	Комплектация\r\nколонка, кабель для зарядки, упаковка	f	t	9	t
23	3782.00	45	2025-04-01 01:17:07.812+05	Микроскоп Dewang CSW02	Беспроводной цифровой Wi-Fi микроскоп Dewang CSW02 2МПикс HD 1000Х трихоскоп	Беспроводной цифровой микроскоп\r\nБеспроводной цифровой микроскоп Dewang CSW02 1000X – это компактное современное устройство с возможностью увеличения до 1000Х крат, подключаемое по Wi-Fi к телефону или планшету на базе Android/iOS (или к компьютеру с помощью USB-кабеля).\r\nDewang CSW02 1000X\r\nDewang CSW02 1000X\r\nПрибор работает по принципу цифровой камеры: исследуемые объекты можно увеличивать, снимать на видео или фотографировать. Впоследствии, полученные данные можно сохранить на жестком диске компьютера для дальнейшей обработки.\r\n\r\nТакже в комплекте есть настольный штатив, на который можно закрепить микроскоп. Встроенная подсветка из 8 светодиодов с регулируемой яркостью равномерно освещает исследуемый объект и позволяет подобрать оптимальный уровень освещения для работы с любым объектом.\r\n\r\nДанный микроскоп подходит для работы с мелкими радиодеталями, монетами, пригодится при ремонте электронных приборов, в лабораторных исследованиях, в студенческой и школьной практике.	f	t	6	t
24	1845.00	52	2025-04-01 01:19:39.279+05	Телескоп F36050	Телескоп-рефрактор F36050 с видоискателем 90X	Комплектация\r\nувеличительная линза х5\r\nштатив\r\nокуляр 20/60 мм\r\nзенитный окуляр\r\nлунный отражатель\r\nинструкция	f	t	5	t
29	41053.00	5	2025-04-01 01:37:59.369+05	Телевизор Digma Pro  55C	Digma Pro Телевизор 55C Smart Google TV 55" 4K UHD, черный	Digma Pro Телевизор 55C Smart Google TV 55" 4K UHD, черный\r\nКомплектация\r\nТелевизор, подставка, пульт	f	t	20	t
15	12564.00	21	2025-04-01 00:53:04.047+05	Монитор Xiaomi 27"	Xiaomi 27" Монитор Xiaomi Redmi G27 IPS 165 гц , черный матовый	Монитор Xiaomi Redmi Display 27" G27 165Hz (P27FBB-RG) представляет собой идеальное дополнение к вашей игровой конфигурации благодаря своей высокой частоте обновления в 165 Гц, разрешению 1920×1080 и времени отклика 1 мс. \r\n\r\nАдаптивная синхронизация видеокарты эффективно уменьшает задержки в игровом процессе, обеспечивая плавное и реалистичное отображение даже в самых динамичных сценах.\r\n\r\nOled монитор для компьютера от Ксяоми 27 дюймов - обладает контрастностью 1000:1 и широким цветовым охватом, что гарантирует воспроизведение каждой детали игрового мира. Поддержка HDR10 и Full HD дополнительно улучшает четкость изображения, делая игровой опыт еще более захватывающим.\r\n\r\nТехнология затемнения постоянного тока снижает мерцание экрана, а режим сниженного излучения синего света защищает глаза от переутомления. Режим комфортного зрения позволяет использовать монитор продолжительное время и без вреда для здоровья глаз работать на ПК.\r\n\r\nКаждый монитор Сяоми Редми проходит настройку цветопередачи с точностью до ΔE около 2 единиц на производственной линии, обеспечивая высокое качество воспроизведения цветов.	f	t	11	t
3	45754.00	20	2025-03-31 23:46:35.59+05	Ноутбук UOHUO Gaming	Игровой ноутбук UOHUO Gaming  15.6", AMD Ryzen 7 5825U, RAM 32 ГБ, SSD 1024 ГБ, AMD Radeon Graphics, Windows Pro,	Игровой ноутбук UOHUO Gaming – это мощное решение для геймеров, а также идеальный инструмент для работы и учебы. С диагональю экрана 15.6 дюймов вы сможете наслаждаться яркими и детализированными изображениями, что делает его универсальным помощником в любом деле. Оснащённый процессором AMD Ryzen 7 5825U, он обеспечивает отличную производительность для любых задач, от работы с графикой до комфортной игры в требовательные проекты.\r\n\r\nС оперативной памятью 32 ГБ вы можете быть уверены в плавном многозадачном режиме, что позволяет запускать несколько приложений одновременно без потери скорости. Высокоскоростной SSD объёмом 1024 ГБ обеспечивает моментальный запуск операционной системы и приложений, а также достаточно места для хранения всех ваших файлов, игр и мультимедиа.\r\n\r\nГрафическая производительность ноутбука поддерживается видеокартой AMD Radeon Graphics, что гарантирует качественную картинку и плавные анимации даже в самых требовательных играх. Ноутбук также работает на операционной системе Windows Pro, которая предоставляет все необходимые инструменты для продуктивной работы и учёбы.\r\n\r\nЭлегантный корпус в цвете серый металлик делает UOHUO Gaming стильным и современным. Русская раскладка клавиатуры приятно дополнит использование как в домашних, так и в офисных условиях. Этот ноутбук – идеальный выбор для тех, кто ценит производительность, стиль и универсальность в одном устройстве.	f	t	18	t
7	8189.00	29	2025-04-01 00:25:09.368+05	Мото компьютер EVKEY EKIY MTC-10+DVR	EVKEY EKIY MTC-10+DVR, 5-дюймовы мото компьютер, мото видеорегистратор, мультимедийный навигатор с беспроводным CarPlay и Android Auto	Беспроводной Android Auto\r\nБеспроводной Carplay\r\nВходной источник питания: 12V - 0,2A\r\nДисплей: 5 дюймовый экрана IPS 800 +\r\nОперационная система Linux \r\nРабочая температура: -20 ℃ ~+80 ℃\r\nРазрешения: 800*480P\r\nЗадняя и передняя камеры высокого разрешения 1080p и углом обзора 110°\r\nВодонепроницаемость IP67\r\nЗапись видео до 30 кадров в секунду\r\nЗапись звука	f	t	15	t
9	48509.00	12	2025-04-01 00:30:53.56+05	Приставка PlayStation 5	Игровая консоль PlayStation 5 Slim Blu-Ray	Новая PS5 компактном корпусе и SSD на 1TB. Вертикальная подставка продается отдельно. Для подключения питания требуется переходник с японской вилки  https://www.ozon.ru/category/perehodnik-s-yaponskoy-vilki/ Для использования данного товара и пользования электронной подпиской, не запрещенных на территории РФ, вам может потребоваться использование сторонних сервисов, а также аккаунта для оплаты такой подписки. Обращаем внимание на возможные ограничения производителя на оплату подписки картами российский банков.\r\nПользователям игровых консолей может потребоваться сменить адрес dns сервера в настройках маршрутизатора (роутера).\r\nЦены, условия использования и способы оплаты в различных регионах мира(странах) могут меняться и отличаться, перед регистрацией аккаунта в выбранном регионе/стране рекомендуется изучить текущие условия, доступные продукты, способы оплаты и цены.	f	t	17	t
12	28125.00	30	2025-04-01 00:40:14.455+05	Квадрокоптер C-Fly	Квадрокоптер C-Fly Faith Mini 2 Combo (комбо 2 аккумулятора)	Квадрокоптер C-Fly Faith Mini 2 на радиоуправлении сделан из прочного пластика и оснащён двумя камерами 4К и HD, а также функцией GPS. Этот дрон подходит как для начинающих пользователей (детей или взрослых, желающих научиться управлять дроном), так и для профессионалов.\r\n\r\nЛёгкий складной квадрокоптер C-Fly Faith mini 2 весит всего 249 граммов и имеет мощные бесколлекторные двигатели. На нём установлена 4К-камера на стабилизированном 3-осевом подвесе, что делает его идеальным для съёмки с высоты. 20-мегапиксельная камера позволяет записывать видео в формате 4К со скоростью 30 кадров в секунду. Приложение C-Fly даёт возможность делать снимки с 4-кратным увеличением. Благодаря 3-осевому подвесу, съёмка получается плавной, независимо от скорости полёта дрона.\r\n\r\nОсновная камера квадрокоптера имеет широкий угол обзора 120 градусов с возможностью регулировки вверх/вниз на 90 градусов с помощью пульта управления. Она оснащена электронной стабилизацией изображения, 50-кратным зумом и оптической стабилизацией.	f	t	2	t
21	5056.00	50	2025-04-01 01:14:04.158+05	Наушники JBL T720BT	JBL Беспроводные полноразмерные наушники Tune 720BT, черные	JBL Tune 720bt\r\nНаушники JBL Tune 720 BT обеспечивают беспроводную передачу мощного звука JBL Pure Bass с использованием новейшей технологии Bluetooth 5.3. Простые в использовании, эти наушники обеспечивают до 76 часов чистого удовольствия, а также 3 часа дополнительного времени автономной работы всего за 5 мин. зарядки. Загрузите бесплатное приложение JBL Headphones и настройте звук с помощью эквалайзера. Управляйте звонками, звуком и громкостью с гарнитуры с помощью кнопок управления. Если вам поступает входящий звонок во время просмотра видео на другом устройстве, наушники JBL Tune 720 BT легко переключаются на ваш мобильный, так что вы никогда не пропустите звонок. Легкие и удобные даже после нескольких часов прослушивания.\r\n\r\nЧистый басовый звук JBL\r\n\r\nНаушники JBL Tune 720 BT оснащены знаменитым звуком JBL Pure Bass, таким же, как в самых известных местах по всему миру.\r\n\r\nЛегкие материалы и мягкие амбушюры с мягким оголовьем обеспечивают превосходный комфорт при длительном ношении. Складная конструкция позволяет легко носить наушники с собой и слушать музыку в любом месте и в любое время.\r\n\r\nБеспроводные полноразмерные наушники JBL Tune 720BTстанут идеальным подарком на День рождения, 23 февраля, 8 марта, Новый год. Будь то подарок для друга, подруги, девушки, близкого человека или себя самого. Они точно будут высоко оценены любителями качественного звука	f	t	8	t
26	4530.00	32	2025-04-01 01:24:30.859+05	Медиаплеер HK1 RBOX	HK1 RBOX Медиаплеер смарт тв приставка Android, 4 ГБ/64 ГБ, Wi-Fi, Bluetooth, черный	Комплектация\r\nПриставка Smart TV, HDMI кабель, пульт ДУ, адаптер пульта ДУ, инструкция, адаптер питания	f	t	21	t
27	12207.00	38	2025-04-01 01:26:25.992+05	Медиаплеер Homatics Box R	Dune HD Медиаплеер Homatics Box R 4K Plus Android, 4 ГБ/32 ГБ, Bluetooth, Wi-Fi, черный	1. Разъем питания 12V\r\n2. Порт Ethernet 1000 Mbit/s\r\n3. Выход HDMI 2.1\r\n4. Оптический аудиовыход S/PDIF\r\n5. Резервный порт\r\n6. Порт USB 2.0\r\n7. Порт USB 3.0\r\n8. Резервный порт (Внимание! На порт подается питание 12В. Не подключать внешние накопители!)\r\n\r\nМощный медиаплеер Dune HD нового поколения 2-в-1: полный официальный Android TV 11 (с сертификациями Google и Netflix) + продвинутый функционал медиацентра Dune HD. Новейшие технологии. Dolby Vision & Atmos, AV1, YouTube 4K HDR, HDR10+, 4Kp60, ISO 4K DV P7 FEL. 4+32 ГБ, 1 Гбит, Wi-Fi 6, USB 3.0, S/PDIF.\r\n\r\nИспользуя всего одно устройство, вы можете смотреть потоковые видеосервисы в максимальном качестве (до 4K с Dolby Vision и Atmos), а также воспроизводить локальную библиотеку медиафайлов в самых продвинутых форматах (вплоть до ISO 4K с Dolby Vision FEL и полным меню** диска) - используя продвинутый функционал медиацентра Dune HD.\r\n\r\n** Blu-ray меню будет доступно в будущих версиях приложения Dune HD медиацентра.\r\n\r\n( Инструкцию по установке Медиацентра Dune HD смотрите на сайте производителя).\r\n\r\n- Воспроизведение видео файлов в формате Ultra HD 4Kp60 с Dolby Vision.\r\n- Воспроизведение аудио файлов, включая FLAC, SACD, WavPack, APE, ALAC.\r\n- Ссылки на видеосервисы из энциклопедии фильмов для удобного просмотра контента в Интернете.\r\n- Родительский контроль, включая блокировку доступа по расписанию.\r\n- Управление с телефонов/планшетов iOS/Android.\r\n- Интерфейс IP-управления для интеграции в системы Умного Дома и Домашней Автоматизации.\r\n-Встроенный файловый сервер SMB для доступа к USB-накопителям и внутренней памяти из сети.	f	t	21	t
25	6290.00	48	2025-04-01 01:21:20.825+05	Телескоп астрономический BOSSDAN	Телескоп астрономический BOSSDAN 75X c тонкой настройкой фокуса	Комплектация\r\nтелескоп - 1 шт, чехол - 1 шт, треножный штатив - 1 шт, держатель для смартфона - 1 шт, салфетка для протирки - 1 шт, инструкция на русском языке - 1 шт, сумочка для переноски и хранения - 1 шт	f	t	5	t
18	21973.00	35	2025-04-01 01:04:48.483+05	Hi-Fi блютуз колонка RAINBO	Hi-Fi блютуз колонка RAINBO TECHNICS Satisfaction	По многочисленным отзывам добавили поддержку функции Стереопары (TWS, True Wireless Stereo).\r\n \r\nTWS - специальная технология, позволяющая передавать стереосигнал через интерфейс Bluetooth на две колонки от одного источника. В случае с колонками RAINBO Technics Satisfaction, соединив их в стереопару, Вы получаете 200 Вт пиковой мощности кристального Hi-Fi звука с ярко выраженным стереоэффектом. По ощущениям получается настолько мощное звучание, что даже не верится, что это играет не пара больших, без преувеличения, элитных «напольников».\r\n\r\nОбычно для полноценного прослушивания музыки необходимо покупать дорогостоящие большие напольные колонки, усилители и проигрыватель, а прослушивание музыки в студиях – удел немногих. Теперь, благодаря Hi-Fi блютуз колонке RAINBO TECHNICS Satisfaction вы можете присоединиться к ним и услышать ритм так, как его хотели услышать ваши любимые исполнители\r\n\r\nЗвук от профессионалов Hi-End индустрии\r\nВ разработке акустических систем и электроники RAINBO TECHNICS принимал самое непосредственное участие Олег Миронов – сооснователь ACC Lab (акустическая лаборатория MWM), многократный участник выставок «Российский Hi-End»\r\n\r\nНе секрет, что музыкальный колонки в деревянном корпусе звучат на порядок лучше, чем пластиковые. Корпус акустической системы RAINBO TECHNICS изготовлен из МДФ и фанеры. Это обеспечивает достаточную жёсткость, отсутствие лишних вибраций и прекрасные акустические свойства музыкальной системы\r\n\r\nУникальная форма акустической камеры позволяет оптимально настраивать басы, балансируя чувствительность и мощность, и создает расширенное звуковое поле, позволяющее ощутить всю мощь басовых нот, включая саббас и обеспечивает высокое звуковое давление начиная с 40 Гц. Эта по-настоящему большая блютуз колонка и «взрослый» звук не оставят равнодушным никого	f	t	9	t
11	770.15	200	2025-04-01 00:35:50.852+05	Пропеллеры HQPROP	Пропеллеры, лопасти HQPROP 7X4X3 7040 3-лопастный для RC FPV дронов, 4шт (2 пары)	Пропеллеры 7X4X3 7040 — это лопасти для квадрокоптера, обеспечивающие стабильный полет и отличную маневренность. Эти пропеллеры для FPV идеально подходят для использования с моторами 2206-1500KV, но также могут быть совместимы с другими моделями моторов, что делает их универсальным выбором для вашего FPV дрона.\r\n\r\nИзготовленные из прочного поликарбоната, они устойчивы к износу и имеют длительный срок службы. Оптимизированная аэродинамическая форма повышает эффективность и тягу, что обеспечивает высокую скорость и маневренность. \r\n\r\nПропеллеры тестировались с двигателем 2206-1500KV и идеально подходят для квадрокоптеров любой сложности.\r\n\r\nКомплектующие для квадрокоптера включают 4 пропеллера (2 пары), что упрощает замену и подходит для большинства моделей FPV дронов. Эти лопасти на квадрокоптер являются отличным выбором для всех, кто хочет улучшить стабильность и производительность своего дрона.\r\n\r\nКомплектация\r\n2 CW + 2 CCW пропеллера	f	t	3	t
2	42747.00	12	2025-03-31 23:39:00.821+05	Ноутбук ASUS FA506NF-HN060	ASUS FA506NF-HN060 Игровой ноутбук 15.6", AMD Ryzen 5 7535HS, RAM 16 ГБ, SSD 512 ГБ, NVIDIA GeForce RTX 2050 (4 Гб), Без системы, (90NR0JE7-M00550), черный, Русская раскладка	Игровой ноутбук Asus TUF Gaming FA506NF-HN060 Ryzen 5 7535HS с высокой производительностью и стильным дизайном!\r\n\r\nAsus TUF Gaming — это не только мощный ноутбук, но и надежная рабочая машина. Корпус из пластика и алюминия делает его прочным и долговечным. Клавиатура с подсветкой и настраиваемыми клавишами позволяет удобно работать даже в темноте.\r\n\r\nНоутбук оснащен всеми необходимыми портами, включая USB, HDMI, Ethernet и другие, чтобы обеспечить подключение к различным устройствам и сетям. Фронтальная камера с микрофоном позволяет проводить видеоконференции и общаться с друзьями и коллегами.\r\n\r\nБлагодаря высокой производительности и графической мощности, Asus TUF Gaming подходит для игр, работы с графикой, видеомонтажа, проектирования и других задач. Он также может использоваться для обучения и развлечений.\r\n\r\nПриобретая этот ноутбук, вы получаете надежное устройство с гарантией качества. Asus TUF Gaming станет вашим верным помощником в работе и развлечениях.	f	t	18	t
6	5802.00	25	2025-04-01 00:20:48.654+05	Навигатор Navitel N500	Навигатор автомобильный Navitel N500 Magnetic автомобильный на подарок для мужчин	Этот стильный авто навигатор – оптимальное решение для тех, кто ценит функциональность и простоту управления устройством. В комплекте вы получаете пакет высоко детализированных карт 18 стран(Азербайджан, Армения, Беларусь, Грузия, Дания, Исландия, Казахстан, Кыргызстан, Латвия, Литва, Норвегия, Россия, Таджикистан, Узбекистан, Украина, Финляндия, Швеция, Эстония.), доступных для бесплатного и бессрочного обновления.\r\n\r\nМоментальная фиксация навигатора возможна с помощью магнитного крепления, а зарядка происходит без лишних проводов через площадку держателя. Установка и снятие устройства занимают считанные секунды. Предусмотрен автозапуск при установке на крепление.\r\n\r\nОперационная система Linux, Процессор MStar MSB2531A Cortex-A7 Частота процессора 800 МГц, Тип батареи встроенный литий-ионный, Емкость аккумулятора -950 мАч.	f	t	15	t
28	34910.00	9	2025-04-01 01:33:29.526+05	Телевизор 55V6B 55"	TCL Телевизор 55V6B 55" 4K UHD, черный	Изображение с мельчайшими деталями\r\nРасширенный динамический диапазон (HDR), который является новейшим стандартом для UHD-контента, обеспечивает превосходное качество изображения благодаря поразительной яркости, исключительной детализации теней и ярким цветам. Наслаждайтесь невероятными деталями изображения, задуманными создателями фильма.\r\n\r\nПроцессор AiPQ  Непревзойденный интеллект\r\nПроцессор AiPQ – это мощный процессор для обработки контента со стабильным и высококачественным разрешением 4K. Пришло время по-настоящему насладиться вечером просмотра фильмов.\r\nВыдающиеся детали на экранах TCL T-SCREEN\r\nT-SCREEN характеризуется исключительно высоким контрастом и сниженным энергопотреблением, а его угол обзора составляет 178°.\r\n*Данные взяты из материалов лаборатории TCL. Различные условия/стандарты испытаний могут привести к отклонениям в результатах.\r\nЭффект полного погружения с Dolby Audio\r\nСоздан для того, чтобы вы оказались в центре каждой сцены – с кристальной четкостью, четкими диалогами и превосходной детализацией. От игр с мячом до любимых сериалов – развлечения еще никогда не были настолько захватывающими.	f	t	20	t
\.


--
-- TOC entry 3682 (class 0 OID 16884)
-- Dependencies: 254
-- Data for Name: products_app_productimage; Type: TABLE DATA; Schema: public; Owner: postgres
--

COPY public.products_app_productimage (id, src, alt, product_id) FROM stdin;
1	products/product_1/images/Asus_ROG_G16_i7.jpg	Asus_ROG_G16_i7.jpg	1
2	products/product_11/images/Пропеллеры_HQPROP.jpg	Пропеллеры HQPROP.jpg	11
3	products/product_10/images/FPV-шлем_LS_-_800D.jpg	FPV-шлем LS - 800D.jpg	10
4	products/product_2/images/ASUS_FA506NF-HN060.jpg	ASUS FA506NF-HN060.jpg	2
5	products/product_29/images/Digma_Pro_Телевизор_55C.jpg	Digma Pro Телевизор 55C.jpg	29
6	products/product_7/images/EVKEY_EKIY_MTC-10DVR.jpg	EVKEY EKIY MTC-10+DVR.jpg	7
7	products/product_18/images/Hi-Fi_блютуз_колонка_RAINBO.jpg	Hi-Fi блютуз колонка RAINBO.jpg	18
8	products/product_17/images/iRU_Системный_блок_310H6SM.jpg	iRU Системный блок 310H6SM.jpg	17
9	products/product_19/images/JBL_Flip_6.jpg	JBL Flip 6.jpg	19
10	products/product_20/images/Marshall_Major_IV.jpg	Marshall Major IV.jpg	20
11	products/product_6/images/Navitel_N500.jpg	Navitel N500.jpg	6
12	products/product_9/images/PlayStation_5.jpg	PlayStation 5.jpg	9
13	products/product_8/images/Игровая_приставка_SEGA_16bit.jpg	Игровая приставка SEGA 16bit.jpg	8
14	products/product_3/images/Игровой_ноутбук_UOHUO_Gaming.jpg	Игровой ноутбук UOHUO Gaming.jpg	3
15	products/product_12/images/Квадрокоптер_C-Fly.jpg	Квадрокоптер C-Fly.jpg	12
16	products/product_13/images/Квадрокоптер_Syma_W3.jpg	Квадрокоптер Syma W3.jpg	13
17	products/product_5/images/Маяк_АвтоОко24_BEACON.jpg	Маяк АвтоОко24 BEACON.jpg	5
18	products/product_26/images/Медиаплеер_HK1_RBOX.jpg	Медиаплеер HK1 RBOX.jpg	26
19	products/product_27/images/Медиаплеер_Homatics_Box_R.jpg	Медиаплеер Homatics Box R.jpg	27
20	products/product_23/images/Микроскоп_Dewang_CSW02.jpg	Микроскоп Dewang CSW02.jpg	23
21	products/product_22/images/Микроскоп_цифровой_Skymart_BeaverLab_M2B.jpg	Микроскоп цифровой Skymart BeaverLab M2B.jpg	22
22	products/product_14/images/Монитор_JBEE_27.jpg	Монитор JBEE 27.jpg	14
23	products/product_15/images/Монитор_Xiaomi_27.jpg	Монитор Xiaomi 27.jpg	15
24	products/product_21/images/Наушники_JBL_T720BT.jpg	Наушники JBL T720BT.jpg	21
25	products/product_16/images/Системный_блок_PC_Black__White.jpg	Системный блок PC Black & White.jpg	16
26	products/product_4/images/Смарт-трекер_Ugreen_CM520.jpg	Смарт-трекер Ugreen CM520.jpg	4
27	products/product_28/images/Телевизор_55V6B_55.jpg	Телевизор 55V6B 55.jpg	28
28	products/product_24/images/Телескоп_F36050.jpg	Телескоп F36050.jpg	24
29	products/product_25/images/Телескоп_астрономический_BOSSDAN.jpg	Телескоп астрономический BOSSDAN.jpg	25
\.


--
-- TOC entry 3684 (class 0 OID 16888)
-- Dependencies: 256
-- Data for Name: products_app_productreview; Type: TABLE DATA; Schema: public; Owner: postgres
--

COPY public.products_app_productreview (id, author, email, text, rate, date, product_id) FROM stdin;
1	Fred	fred@mail.com	Best HQPROP	5	2025-04-09 20:51:51.68+05	11
2	Nick	nick@mail.tu	poor quality	1	2025-04-09 20:53:09.828+05	11
4	Mat	mat@email.ti	awesome	2	2025-04-09 20:57:28.332+05	11
7	Dred	dred@email.com	best product	5	2025-04-13 01:41:50.616+05	6
16	Annoying Orange	no-reply@mail.ru	rewrewrwerewrwerwerewrwerwer	4	2025-04-13 03:48:52.319+05	3
17	Nicolas	nick@gmale.com	Classic games	5	2025-05-03 00:00:11.053+05	8
18	Frank Wales	frank@email.com	Best gaming pad ever i now	5	2025-05-25 21:39:32.186+05	9
19	Micky	mike@email.com		5	2025-06-01 00:16:37.764167+05	26
20	Don	don@email.com	Nice speaker	4	2025-06-01 12:44:25.984777+05	18
\.


--
-- TOC entry 3686 (class 0 OID 16894)
-- Dependencies: 258
-- Data for Name: products_app_productspecification; Type: TABLE DATA; Schema: public; Owner: postgres
--

COPY public.products_app_productspecification (id, name, value, product_id) FROM stdin;
1	Операционная система	Windows 11 Home	1
2	Процессор	Intel Core i7-13620H, 10 ядер (6 производительных и 4 эффективных), частота до 4.9 ГГц	1
3	Видеокарта	NVIDIA GeForce RTX 4070 (8 ГБ GDDR6), поддержка технологий ROG Boost и Dynamic Boost	1
4	Оперативная память	16 ГБ DDR4	1
5	Накопитель	SSD 512 ГБ PCIe 4.0	1
6	Экран	16-дюймовый IPS-дисплей, разрешение WUXGA (1920x1200), соотношение сторон 16:10	1
7	Покрытие экрана	Матовое	1
8	Яркость дисплея	500 нит	1
9	Аккумулятор	90 Вт·ч, поддержка быстрой зарядки через USB-C	1
10	Габариты	354 x 246 x 19.9 мм	1
11	Вес	2 кг	1
12	Интерфейсы и разъемы	1 x Thunderbolt 4. 2 x USB 3.2 Gen2 Type-A. 1 x HDMI 2.1. 1 x комбинированный аудиоразъем (3.5 мм)	1
13	Ethernet-порт	RJ45	1
14	Слот для карт памяти	microSD	1
15	Процессор	Intel Core AMD Ryzen 5 7535HS, обеспечивающий быструю работу в любых задачах	2
16	Оперативная память	16 ГБ, что позволяет запускать множество приложений одновременно	2
17	Накопитель	SSD на 512 ГБ для быстрой загрузки операционной системы и хранения файлов	2
18	Видеокарта	NVIDIA GeForce RTX 2050 с 4 ГБ видеопамяти для плавного воспроизведения графики в играх и приложения	2
19	Экран	15,6-дюймовый IPS с разрешением 1920x1080 пикселей, который обеспечивает четкое и яркое изображение	2
20	Аккумулятор	емкий аккумулятор, обеспечивающий длительное время работы без подзарядки	2
21	экран	15.6 дюймов	3
22	процессор	AMD Ryzen 7 5825U	3
23	оперативная память	32 ГБ	3
24	SSD	1024 ГБ	3
25	видеокарта	AMD Radeon Graphics	3
26	операционная система	Windows Pro	3
27	цвет	серый металлик	3
28	Диагональ	55"	29
29	Разрешение	4K UHD	29
30	Цвет	черный	29
31	Процессор	Intel Core i3-12100	17
32	Оперативная память	8 ГБ	17
33	SSD	256 ГБ	17
34	Видеокарта	Intel UHD Graphics 730	17
35	Операционная система	FreeDOS	17
36	Цвет корпуса	черный	17
37	Bluetooth	есть	20
38	Разъем 3.5	есть	20
39	Время работы	80 ч	20
40	Операционная система	Linux	6
41	Процессор	MStar MSB2531A Cortex-A7	6
42	Частота процессора	800 МГц	6
43	Тип батареи	встроенный литий-ионный	6
44	Емкость аккумулятора	950 мАч	6
45	SSD	1 ТБ	9
46	Канал правлениия	радио	12
47	Количество камер	2	12
48	GPS	есть	12
49	Качество камер	4K, HD	12
50	вес	249 грамм	12
51	zoom	4x	12
52	угол обзора	120	12
53	моторы	2206-1500KV	11
54	количество пропеллеров	4	11
\.


--
-- TOC entry 3688 (class 0 OID 16898)
-- Dependencies: 260
-- Data for Name: products_app_saleitems; Type: TABLE DATA; Schema: public; Owner: postgres
--

COPY public.products_app_saleitems (id, discount, "dateFrom", "dateTo", is_active, product_id, sale_id) FROM stdin;
4	65	2025-05-18	2025-08-31	t	1	1
1	50	2025-05-18	2025-09-15	t	8	1
2	30	2025-05-18	2025-09-30	t	18	1
3	20	2025-05-18	2025-10-12	t	28	1
\.


--
-- TOC entry 3690 (class 0 OID 16903)
-- Dependencies: 262
-- Data for Name: products_app_sales; Type: TABLE DATA; Schema: public; Owner: postgres
--

COPY public.products_app_sales (id, name, description, is_active) FROM stdin;
1	Black Friday	Ежегодная распродажа, во время которой магазины предлагают скидки и устраивают акции на свои товары и услуги.\r\nТрадиция большой распродажи в конце ноября пришла в Россию из США, где «Черную пятницу» или Black Friday проводят на следующий день после Дня Благодарения (он празднуется в последний четверг ноября).	t
\.


--
-- TOC entry 3692 (class 0 OID 16909)
-- Dependencies: 264
-- Data for Name: profile_app_avatar; Type: TABLE DATA; Schema: public; Owner: postgres
--

COPY public.profile_app_avatar (id, src, alt, profile_id) FROM stdin;
32	users/user_6/profile/avatar/avatar6.png	avatar6.png	6
33	users/user_5/profile/avatar/avatar1.png	avatar1.png	8
34	users/user_7/profile/avatar/avatar5.png	avatar5.png	9
31	users/user_1/profile/avatar/avatar1.png	avatar1.png	3
\.


--
-- TOC entry 3694 (class 0 OID 16913)
-- Dependencies: 266
-- Data for Name: profile_app_profile; Type: TABLE DATA; Schema: public; Owner: postgres
--

COPY public.profile_app_profile (id, "fullName", email, phone, user_id) FROM stdin;
6	Bob Sendler	bob@rambler.com	89994563271	6
9	Nick Groover	nick@email.com	89631478523	7
3	John Walles	admin1@gmail.com	88001234568	1
12	Daniel Bowwie	dan3@mail.com	79999994512	9
8	Matteu Dawson	mat@example.com	80700	5
\.


--
-- TOC entry 3696 (class 0 OID 16917)
-- Dependencies: 268
-- Data for Name: tags_app_tag; Type: TABLE DATA; Schema: public; Owner: postgres
--

COPY public.tags_app_tag (id, name) FROM stdin;
1	Gaming
2	for PC
3	Video
4	Science
5	Audio
6	Tracking
7	Copters
8	Notebooks
9	Avto
\.


--
-- TOC entry 3698 (class 0 OID 16921)
-- Dependencies: 270
-- Data for Name: tags_app_tag_products; Type: TABLE DATA; Schema: public; Owner: postgres
--

COPY public.tags_app_tag_products (id, tag_id, product_id) FROM stdin;
1	1	1
2	1	2
3	1	8
4	1	9
5	1	14
6	1	15
7	1	16
8	1	17
9	2	14
10	2	15
11	2	16
12	2	17
13	2	21
14	3	14
15	3	15
16	3	26
17	3	27
18	3	28
19	3	29
20	4	24
21	4	25
22	4	22
23	4	23
24	5	18
25	5	19
26	5	20
27	5	21
28	6	4
29	6	5
30	6	6
31	7	10
32	7	11
33	7	12
34	7	13
35	8	1
36	8	2
37	8	3
38	9	4
39	9	6
40	9	7
\.


--
-- TOC entry 3707 (class 0 OID 0)
-- Dependencies: 218
-- Name: auth_group_id_seq; Type: SEQUENCE SET; Schema: public; Owner: postgres
--

SELECT pg_catalog.setval('public.auth_group_id_seq', 1, false);


--
-- TOC entry 3708 (class 0 OID 0)
-- Dependencies: 220
-- Name: auth_group_permissions_id_seq; Type: SEQUENCE SET; Schema: public; Owner: postgres
--

SELECT pg_catalog.setval('public.auth_group_permissions_id_seq', 1, false);


--
-- TOC entry 3709 (class 0 OID 0)
-- Dependencies: 222
-- Name: auth_permission_id_seq; Type: SEQUENCE SET; Schema: public; Owner: postgres
--

SELECT pg_catalog.setval('public.auth_permission_id_seq', 92, true);


--
-- TOC entry 3710 (class 0 OID 0)
-- Dependencies: 225
-- Name: auth_user_groups_id_seq; Type: SEQUENCE SET; Schema: public; Owner: postgres
--

SELECT pg_catalog.setval('public.auth_user_groups_id_seq', 1, false);


--
-- TOC entry 3711 (class 0 OID 0)
-- Dependencies: 226
-- Name: auth_user_id_seq; Type: SEQUENCE SET; Schema: public; Owner: postgres
--

SELECT pg_catalog.setval('public.auth_user_id_seq', 9, true);


--
-- TOC entry 3712 (class 0 OID 0)
-- Dependencies: 228
-- Name: auth_user_user_permissions_id_seq; Type: SEQUENCE SET; Schema: public; Owner: postgres
--

SELECT pg_catalog.setval('public.auth_user_user_permissions_id_seq', 1, false);


--
-- TOC entry 3713 (class 0 OID 0)
-- Dependencies: 230
-- Name: basket_app_basket_id_seq; Type: SEQUENCE SET; Schema: public; Owner: postgres
--

SELECT pg_catalog.setval('public.basket_app_basket_id_seq', 67, true);


--
-- TOC entry 3714 (class 0 OID 0)
-- Dependencies: 232
-- Name: basket_app_basketitem_id_seq; Type: SEQUENCE SET; Schema: public; Owner: postgres
--

SELECT pg_catalog.setval('public.basket_app_basketitem_id_seq', 103, true);


--
-- TOC entry 3715 (class 0 OID 0)
-- Dependencies: 234
-- Name: catalog_app_category_id_seq; Type: SEQUENCE SET; Schema: public; Owner: postgres
--

SELECT pg_catalog.setval('public.catalog_app_category_id_seq', 21, true);


--
-- TOC entry 3716 (class 0 OID 0)
-- Dependencies: 236
-- Name: catalog_app_categoryimage_id_seq; Type: SEQUENCE SET; Schema: public; Owner: postgres
--

SELECT pg_catalog.setval('public.catalog_app_categoryimage_id_seq', 26, true);


--
-- TOC entry 3717 (class 0 OID 0)
-- Dependencies: 238
-- Name: django_admin_log_id_seq; Type: SEQUENCE SET; Schema: public; Owner: postgres
--

SELECT pg_catalog.setval('public.django_admin_log_id_seq', 22, true);


--
-- TOC entry 3718 (class 0 OID 0)
-- Dependencies: 240
-- Name: django_content_type_id_seq; Type: SEQUENCE SET; Schema: public; Owner: postgres
--

SELECT pg_catalog.setval('public.django_content_type_id_seq', 23, true);


--
-- TOC entry 3719 (class 0 OID 0)
-- Dependencies: 242
-- Name: django_migrations_id_seq; Type: SEQUENCE SET; Schema: public; Owner: postgres
--

SELECT pg_catalog.setval('public.django_migrations_id_seq', 42, true);


--
-- TOC entry 3720 (class 0 OID 0)
-- Dependencies: 245
-- Name: orders_app_delivery_id_seq; Type: SEQUENCE SET; Schema: public; Owner: postgres
--

SELECT pg_catalog.setval('public.orders_app_delivery_id_seq', 1, true);


--
-- TOC entry 3721 (class 0 OID 0)
-- Dependencies: 247
-- Name: orders_app_order_id_seq; Type: SEQUENCE SET; Schema: public; Owner: postgres
--

SELECT pg_catalog.setval('public.orders_app_order_id_seq', 88, true);


--
-- TOC entry 3722 (class 0 OID 0)
-- Dependencies: 249
-- Name: orders_app_orderproduct_id_seq; Type: SEQUENCE SET; Schema: public; Owner: postgres
--

SELECT pg_catalog.setval('public.orders_app_orderproduct_id_seq', 114, true);


--
-- TOC entry 3723 (class 0 OID 0)
-- Dependencies: 251
-- Name: orders_app_payment_id_seq; Type: SEQUENCE SET; Schema: public; Owner: postgres
--

SELECT pg_catalog.setval('public.orders_app_payment_id_seq', 32, true);


--
-- TOC entry 3724 (class 0 OID 0)
-- Dependencies: 253
-- Name: products_app_product_id_seq; Type: SEQUENCE SET; Schema: public; Owner: postgres
--

SELECT pg_catalog.setval('public.products_app_product_id_seq', 29, true);


--
-- TOC entry 3725 (class 0 OID 0)
-- Dependencies: 255
-- Name: products_app_productimage_id_seq; Type: SEQUENCE SET; Schema: public; Owner: postgres
--

SELECT pg_catalog.setval('public.products_app_productimage_id_seq', 29, true);


--
-- TOC entry 3726 (class 0 OID 0)
-- Dependencies: 257
-- Name: products_app_productreview_id_seq; Type: SEQUENCE SET; Schema: public; Owner: postgres
--

SELECT pg_catalog.setval('public.products_app_productreview_id_seq', 20, true);


--
-- TOC entry 3727 (class 0 OID 0)
-- Dependencies: 259
-- Name: products_app_productspecification_id_seq; Type: SEQUENCE SET; Schema: public; Owner: postgres
--

SELECT pg_catalog.setval('public.products_app_productspecification_id_seq', 54, true);


--
-- TOC entry 3728 (class 0 OID 0)
-- Dependencies: 261
-- Name: products_app_saleitems_id_seq; Type: SEQUENCE SET; Schema: public; Owner: postgres
--

SELECT pg_catalog.setval('public.products_app_saleitems_id_seq', 4, true);


--
-- TOC entry 3729 (class 0 OID 0)
-- Dependencies: 263
-- Name: products_app_sales_id_seq; Type: SEQUENCE SET; Schema: public; Owner: postgres
--

SELECT pg_catalog.setval('public.products_app_sales_id_seq', 1, true);


--
-- TOC entry 3730 (class 0 OID 0)
-- Dependencies: 265
-- Name: profile_app_avatar_id_seq; Type: SEQUENCE SET; Schema: public; Owner: postgres
--

SELECT pg_catalog.setval('public.profile_app_avatar_id_seq', 34, true);


--
-- TOC entry 3731 (class 0 OID 0)
-- Dependencies: 267
-- Name: profile_app_profile_id_seq; Type: SEQUENCE SET; Schema: public; Owner: postgres
--

SELECT pg_catalog.setval('public.profile_app_profile_id_seq', 12, true);


--
-- TOC entry 3732 (class 0 OID 0)
-- Dependencies: 269
-- Name: tags_app_tag_id_seq; Type: SEQUENCE SET; Schema: public; Owner: postgres
--

SELECT pg_catalog.setval('public.tags_app_tag_id_seq', 9, true);


--
-- TOC entry 3733 (class 0 OID 0)
-- Dependencies: 271
-- Name: tags_app_tag_products_id_seq; Type: SEQUENCE SET; Schema: public; Owner: postgres
--

SELECT pg_catalog.setval('public.tags_app_tag_products_id_seq', 40, true);


--
-- TOC entry 3350 (class 2606 OID 16933)
-- Name: auth_group auth_group_name_key; Type: CONSTRAINT; Schema: public; Owner: postgres
--

ALTER TABLE ONLY public.auth_group
    ADD CONSTRAINT auth_group_name_key UNIQUE (name);


--
-- TOC entry 3355 (class 2606 OID 16935)
-- Name: auth_group_permissions auth_group_permissions_group_id_permission_id_0cd325b0_uniq; Type: CONSTRAINT; Schema: public; Owner: postgres
--

ALTER TABLE ONLY public.auth_group_permissions
    ADD CONSTRAINT auth_group_permissions_group_id_permission_id_0cd325b0_uniq UNIQUE (group_id, permission_id);


--
-- TOC entry 3358 (class 2606 OID 16937)
-- Name: auth_group_permissions auth_group_permissions_pkey; Type: CONSTRAINT; Schema: public; Owner: postgres
--

ALTER TABLE ONLY public.auth_group_permissions
    ADD CONSTRAINT auth_group_permissions_pkey PRIMARY KEY (id);


--
-- TOC entry 3352 (class 2606 OID 16939)
-- Name: auth_group auth_group_pkey; Type: CONSTRAINT; Schema: public; Owner: postgres
--

ALTER TABLE ONLY public.auth_group
    ADD CONSTRAINT auth_group_pkey PRIMARY KEY (id);


--
-- TOC entry 3361 (class 2606 OID 16941)
-- Name: auth_permission auth_permission_content_type_id_codename_01ab375a_uniq; Type: CONSTRAINT; Schema: public; Owner: postgres
--

ALTER TABLE ONLY public.auth_permission
    ADD CONSTRAINT auth_permission_content_type_id_codename_01ab375a_uniq UNIQUE (content_type_id, codename);


--
-- TOC entry 3363 (class 2606 OID 16943)
-- Name: auth_permission auth_permission_pkey; Type: CONSTRAINT; Schema: public; Owner: postgres
--

ALTER TABLE ONLY public.auth_permission
    ADD CONSTRAINT auth_permission_pkey PRIMARY KEY (id);


--
-- TOC entry 3371 (class 2606 OID 16945)
-- Name: auth_user_groups auth_user_groups_pkey; Type: CONSTRAINT; Schema: public; Owner: postgres
--

ALTER TABLE ONLY public.auth_user_groups
    ADD CONSTRAINT auth_user_groups_pkey PRIMARY KEY (id);


--
-- TOC entry 3374 (class 2606 OID 16947)
-- Name: auth_user_groups auth_user_groups_user_id_group_id_94350c0c_uniq; Type: CONSTRAINT; Schema: public; Owner: postgres
--

ALTER TABLE ONLY public.auth_user_groups
    ADD CONSTRAINT auth_user_groups_user_id_group_id_94350c0c_uniq UNIQUE (user_id, group_id);


--
-- TOC entry 3365 (class 2606 OID 16949)
-- Name: auth_user auth_user_pkey; Type: CONSTRAINT; Schema: public; Owner: postgres
--

ALTER TABLE ONLY public.auth_user
    ADD CONSTRAINT auth_user_pkey PRIMARY KEY (id);


--
-- TOC entry 3377 (class 2606 OID 16951)
-- Name: auth_user_user_permissions auth_user_user_permissions_pkey; Type: CONSTRAINT; Schema: public; Owner: postgres
--

ALTER TABLE ONLY public.auth_user_user_permissions
    ADD CONSTRAINT auth_user_user_permissions_pkey PRIMARY KEY (id);


--
-- TOC entry 3380 (class 2606 OID 16953)
-- Name: auth_user_user_permissions auth_user_user_permissions_user_id_permission_id_14a6b632_uniq; Type: CONSTRAINT; Schema: public; Owner: postgres
--

ALTER TABLE ONLY public.auth_user_user_permissions
    ADD CONSTRAINT auth_user_user_permissions_user_id_permission_id_14a6b632_uniq UNIQUE (user_id, permission_id);


--
-- TOC entry 3368 (class 2606 OID 16955)
-- Name: auth_user auth_user_username_key; Type: CONSTRAINT; Schema: public; Owner: postgres
--

ALTER TABLE ONLY public.auth_user
    ADD CONSTRAINT auth_user_username_key UNIQUE (username);


--
-- TOC entry 3382 (class 2606 OID 16957)
-- Name: basket_app_basket basket_app_basket_pkey; Type: CONSTRAINT; Schema: public; Owner: postgres
--

ALTER TABLE ONLY public.basket_app_basket
    ADD CONSTRAINT basket_app_basket_pkey PRIMARY KEY (id);


--
-- TOC entry 3384 (class 2606 OID 16959)
-- Name: basket_app_basket basket_app_basket_user_id_key; Type: CONSTRAINT; Schema: public; Owner: postgres
--

ALTER TABLE ONLY public.basket_app_basket
    ADD CONSTRAINT basket_app_basket_user_id_key UNIQUE (user_id);


--
-- TOC entry 3386 (class 2606 OID 16961)
-- Name: basket_app_basket basket_app_basket_user_id_session_key_09e2853f_uniq; Type: CONSTRAINT; Schema: public; Owner: postgres
--

ALTER TABLE ONLY public.basket_app_basket
    ADD CONSTRAINT basket_app_basket_user_id_session_key_09e2853f_uniq UNIQUE (user_id, session_key);


--
-- TOC entry 3389 (class 2606 OID 16963)
-- Name: basket_app_basketitem basket_app_basketitem_pkey; Type: CONSTRAINT; Schema: public; Owner: postgres
--

ALTER TABLE ONLY public.basket_app_basketitem
    ADD CONSTRAINT basket_app_basketitem_pkey PRIMARY KEY (id);


--
-- TOC entry 3392 (class 2606 OID 16965)
-- Name: catalog_app_category catalog_app_category_image_id_key; Type: CONSTRAINT; Schema: public; Owner: postgres
--

ALTER TABLE ONLY public.catalog_app_category
    ADD CONSTRAINT catalog_app_category_image_id_key UNIQUE (image_id);


--
-- TOC entry 3395 (class 2606 OID 16967)
-- Name: catalog_app_category catalog_app_category_pkey; Type: CONSTRAINT; Schema: public; Owner: postgres
--

ALTER TABLE ONLY public.catalog_app_category
    ADD CONSTRAINT catalog_app_category_pkey PRIMARY KEY (id);


--
-- TOC entry 3398 (class 2606 OID 16969)
-- Name: catalog_app_category catalog_app_category_title_key; Type: CONSTRAINT; Schema: public; Owner: postgres
--

ALTER TABLE ONLY public.catalog_app_category
    ADD CONSTRAINT catalog_app_category_title_key UNIQUE (title);


--
-- TOC entry 3400 (class 2606 OID 16971)
-- Name: catalog_app_categoryimage catalog_app_categoryimage_pkey; Type: CONSTRAINT; Schema: public; Owner: postgres
--

ALTER TABLE ONLY public.catalog_app_categoryimage
    ADD CONSTRAINT catalog_app_categoryimage_pkey PRIMARY KEY (id);


--
-- TOC entry 3403 (class 2606 OID 16973)
-- Name: django_admin_log django_admin_log_pkey; Type: CONSTRAINT; Schema: public; Owner: postgres
--

ALTER TABLE ONLY public.django_admin_log
    ADD CONSTRAINT django_admin_log_pkey PRIMARY KEY (id);


--
-- TOC entry 3406 (class 2606 OID 16975)
-- Name: django_content_type django_content_type_app_label_model_76bd3d3b_uniq; Type: CONSTRAINT; Schema: public; Owner: postgres
--

ALTER TABLE ONLY public.django_content_type
    ADD CONSTRAINT django_content_type_app_label_model_76bd3d3b_uniq UNIQUE (app_label, model);


--
-- TOC entry 3408 (class 2606 OID 16977)
-- Name: django_content_type django_content_type_pkey; Type: CONSTRAINT; Schema: public; Owner: postgres
--

ALTER TABLE ONLY public.django_content_type
    ADD CONSTRAINT django_content_type_pkey PRIMARY KEY (id);


--
-- TOC entry 3410 (class 2606 OID 16979)
-- Name: django_migrations django_migrations_pkey; Type: CONSTRAINT; Schema: public; Owner: postgres
--

ALTER TABLE ONLY public.django_migrations
    ADD CONSTRAINT django_migrations_pkey PRIMARY KEY (id);


--
-- TOC entry 3413 (class 2606 OID 16981)
-- Name: django_session django_session_pkey; Type: CONSTRAINT; Schema: public; Owner: postgres
--

ALTER TABLE ONLY public.django_session
    ADD CONSTRAINT django_session_pkey PRIMARY KEY (session_key);


--
-- TOC entry 3416 (class 2606 OID 16983)
-- Name: orders_app_delivery orders_app_delivery_pkey; Type: CONSTRAINT; Schema: public; Owner: postgres
--

ALTER TABLE ONLY public.orders_app_delivery
    ADD CONSTRAINT orders_app_delivery_pkey PRIMARY KEY (id);


--
-- TOC entry 3418 (class 2606 OID 16985)
-- Name: orders_app_order orders_app_order_pkey; Type: CONSTRAINT; Schema: public; Owner: postgres
--

ALTER TABLE ONLY public.orders_app_order
    ADD CONSTRAINT orders_app_order_pkey PRIMARY KEY (id);


--
-- TOC entry 3422 (class 2606 OID 16987)
-- Name: orders_app_orderproduct orders_app_orderproduct_order_id_product_id_b3195bef_uniq; Type: CONSTRAINT; Schema: public; Owner: postgres
--

ALTER TABLE ONLY public.orders_app_orderproduct
    ADD CONSTRAINT orders_app_orderproduct_order_id_product_id_b3195bef_uniq UNIQUE (order_id, product_id);


--
-- TOC entry 3424 (class 2606 OID 16989)
-- Name: orders_app_orderproduct orders_app_orderproduct_pkey; Type: CONSTRAINT; Schema: public; Owner: postgres
--

ALTER TABLE ONLY public.orders_app_orderproduct
    ADD CONSTRAINT orders_app_orderproduct_pkey PRIMARY KEY (id);


--
-- TOC entry 3427 (class 2606 OID 16991)
-- Name: orders_app_payment orders_app_payment_order_id_key; Type: CONSTRAINT; Schema: public; Owner: postgres
--

ALTER TABLE ONLY public.orders_app_payment
    ADD CONSTRAINT orders_app_payment_order_id_key UNIQUE (order_id);


--
-- TOC entry 3429 (class 2606 OID 16993)
-- Name: orders_app_payment orders_app_payment_pkey; Type: CONSTRAINT; Schema: public; Owner: postgres
--

ALTER TABLE ONLY public.orders_app_payment
    ADD CONSTRAINT orders_app_payment_pkey PRIMARY KEY (id);


--
-- TOC entry 3432 (class 2606 OID 16995)
-- Name: products_app_product products_app_product_pkey; Type: CONSTRAINT; Schema: public; Owner: postgres
--

ALTER TABLE ONLY public.products_app_product
    ADD CONSTRAINT products_app_product_pkey PRIMARY KEY (id);


--
-- TOC entry 3434 (class 2606 OID 16997)
-- Name: products_app_productimage products_app_productimage_pkey; Type: CONSTRAINT; Schema: public; Owner: postgres
--

ALTER TABLE ONLY public.products_app_productimage
    ADD CONSTRAINT products_app_productimage_pkey PRIMARY KEY (id);


--
-- TOC entry 3437 (class 2606 OID 16999)
-- Name: products_app_productreview products_app_productreview_pkey; Type: CONSTRAINT; Schema: public; Owner: postgres
--

ALTER TABLE ONLY public.products_app_productreview
    ADD CONSTRAINT products_app_productreview_pkey PRIMARY KEY (id);


--
-- TOC entry 3440 (class 2606 OID 17001)
-- Name: products_app_productreview products_app_productreview_product_id_email_fbab6a72_uniq; Type: CONSTRAINT; Schema: public; Owner: postgres
--

ALTER TABLE ONLY public.products_app_productreview
    ADD CONSTRAINT products_app_productreview_product_id_email_fbab6a72_uniq UNIQUE (product_id, email);


--
-- TOC entry 3442 (class 2606 OID 17003)
-- Name: products_app_productspecification products_app_productspecification_pkey; Type: CONSTRAINT; Schema: public; Owner: postgres
--

ALTER TABLE ONLY public.products_app_productspecification
    ADD CONSTRAINT products_app_productspecification_pkey PRIMARY KEY (id);


--
-- TOC entry 3445 (class 2606 OID 17005)
-- Name: products_app_saleitems products_app_saleitems_pkey; Type: CONSTRAINT; Schema: public; Owner: postgres
--

ALTER TABLE ONLY public.products_app_saleitems
    ADD CONSTRAINT products_app_saleitems_pkey PRIMARY KEY (id);


--
-- TOC entry 3451 (class 2606 OID 17007)
-- Name: products_app_sales products_app_sales_pkey; Type: CONSTRAINT; Schema: public; Owner: postgres
--

ALTER TABLE ONLY public.products_app_sales
    ADD CONSTRAINT products_app_sales_pkey PRIMARY KEY (id);


--
-- TOC entry 3453 (class 2606 OID 17009)
-- Name: profile_app_avatar profile_app_avatar_pkey; Type: CONSTRAINT; Schema: public; Owner: postgres
--

ALTER TABLE ONLY public.profile_app_avatar
    ADD CONSTRAINT profile_app_avatar_pkey PRIMARY KEY (id);


--
-- TOC entry 3455 (class 2606 OID 17011)
-- Name: profile_app_avatar profile_app_avatar_profile_id_key; Type: CONSTRAINT; Schema: public; Owner: postgres
--

ALTER TABLE ONLY public.profile_app_avatar
    ADD CONSTRAINT profile_app_avatar_profile_id_key UNIQUE (profile_id);


--
-- TOC entry 3457 (class 2606 OID 17013)
-- Name: profile_app_profile profile_app_profile_pkey; Type: CONSTRAINT; Schema: public; Owner: postgres
--

ALTER TABLE ONLY public.profile_app_profile
    ADD CONSTRAINT profile_app_profile_pkey PRIMARY KEY (id);


--
-- TOC entry 3459 (class 2606 OID 17015)
-- Name: profile_app_profile profile_app_profile_user_id_key; Type: CONSTRAINT; Schema: public; Owner: postgres
--

ALTER TABLE ONLY public.profile_app_profile
    ADD CONSTRAINT profile_app_profile_user_id_key UNIQUE (user_id);


--
-- TOC entry 3465 (class 2606 OID 17017)
-- Name: tags_app_tag tags_app_tag_pkey; Type: CONSTRAINT; Schema: public; Owner: postgres
--

ALTER TABLE ONLY public.tags_app_tag
    ADD CONSTRAINT tags_app_tag_pkey PRIMARY KEY (id);


--
-- TOC entry 3467 (class 2606 OID 17019)
-- Name: tags_app_tag_products tags_app_tag_products_pkey; Type: CONSTRAINT; Schema: public; Owner: postgres
--

ALTER TABLE ONLY public.tags_app_tag_products
    ADD CONSTRAINT tags_app_tag_products_pkey PRIMARY KEY (id);


--
-- TOC entry 3471 (class 2606 OID 17021)
-- Name: tags_app_tag_products tags_app_tag_products_tag_id_product_id_cce0b958_uniq; Type: CONSTRAINT; Schema: public; Owner: postgres
--

ALTER TABLE ONLY public.tags_app_tag_products
    ADD CONSTRAINT tags_app_tag_products_tag_id_product_id_cce0b958_uniq UNIQUE (tag_id, product_id);


--
-- TOC entry 3461 (class 2606 OID 17023)
-- Name: profile_app_profile unique_email; Type: CONSTRAINT; Schema: public; Owner: postgres
--

ALTER TABLE ONLY public.profile_app_profile
    ADD CONSTRAINT unique_email UNIQUE (email);


--
-- TOC entry 3463 (class 2606 OID 17025)
-- Name: profile_app_profile unique_phone; Type: CONSTRAINT; Schema: public; Owner: postgres
--

ALTER TABLE ONLY public.profile_app_profile
    ADD CONSTRAINT unique_phone UNIQUE (phone);


--
-- TOC entry 3449 (class 2606 OID 17027)
-- Name: products_app_saleitems unique_product; Type: CONSTRAINT; Schema: public; Owner: postgres
--

ALTER TABLE ONLY public.products_app_saleitems
    ADD CONSTRAINT unique_product UNIQUE (product_id);


--
-- TOC entry 3348 (class 1259 OID 17028)
-- Name: auth_group_name_a6ea08ec_like; Type: INDEX; Schema: public; Owner: postgres
--

CREATE INDEX auth_group_name_a6ea08ec_like ON public.auth_group USING btree (name varchar_pattern_ops);


--
-- TOC entry 3353 (class 1259 OID 17029)
-- Name: auth_group_permissions_group_id_b120cbf9; Type: INDEX; Schema: public; Owner: postgres
--

CREATE INDEX auth_group_permissions_group_id_b120cbf9 ON public.auth_group_permissions USING btree (group_id);


--
-- TOC entry 3356 (class 1259 OID 17030)
-- Name: auth_group_permissions_permission_id_84c5c92e; Type: INDEX; Schema: public; Owner: postgres
--

CREATE INDEX auth_group_permissions_permission_id_84c5c92e ON public.auth_group_permissions USING btree (permission_id);


--
-- TOC entry 3359 (class 1259 OID 17031)
-- Name: auth_permission_content_type_id_2f476e4b; Type: INDEX; Schema: public; Owner: postgres
--

CREATE INDEX auth_permission_content_type_id_2f476e4b ON public.auth_permission USING btree (content_type_id);


--
-- TOC entry 3369 (class 1259 OID 17032)
-- Name: auth_user_groups_group_id_97559544; Type: INDEX; Schema: public; Owner: postgres
--

CREATE INDEX auth_user_groups_group_id_97559544 ON public.auth_user_groups USING btree (group_id);


--
-- TOC entry 3372 (class 1259 OID 17033)
-- Name: auth_user_groups_user_id_6a12ed8b; Type: INDEX; Schema: public; Owner: postgres
--

CREATE INDEX auth_user_groups_user_id_6a12ed8b ON public.auth_user_groups USING btree (user_id);


--
-- TOC entry 3375 (class 1259 OID 17034)
-- Name: auth_user_user_permissions_permission_id_1fbb5f2c; Type: INDEX; Schema: public; Owner: postgres
--

CREATE INDEX auth_user_user_permissions_permission_id_1fbb5f2c ON public.auth_user_user_permissions USING btree (permission_id);


--
-- TOC entry 3378 (class 1259 OID 17035)
-- Name: auth_user_user_permissions_user_id_a95ead1b; Type: INDEX; Schema: public; Owner: postgres
--

CREATE INDEX auth_user_user_permissions_user_id_a95ead1b ON public.auth_user_user_permissions USING btree (user_id);


--
-- TOC entry 3366 (class 1259 OID 17036)
-- Name: auth_user_username_6821ab7c_like; Type: INDEX; Schema: public; Owner: postgres
--

CREATE INDEX auth_user_username_6821ab7c_like ON public.auth_user USING btree (username varchar_pattern_ops);


--
-- TOC entry 3387 (class 1259 OID 17037)
-- Name: basket_app_basketitem_basket_id_ecf7324b; Type: INDEX; Schema: public; Owner: postgres
--

CREATE INDEX basket_app_basketitem_basket_id_ecf7324b ON public.basket_app_basketitem USING btree (basket_id);


--
-- TOC entry 3390 (class 1259 OID 17038)
-- Name: basket_app_basketitem_product_id_36e796ac; Type: INDEX; Schema: public; Owner: postgres
--

CREATE INDEX basket_app_basketitem_product_id_36e796ac ON public.basket_app_basketitem USING btree (product_id);


--
-- TOC entry 3393 (class 1259 OID 17039)
-- Name: catalog_app_category_parent_id_caeba90a; Type: INDEX; Schema: public; Owner: postgres
--

CREATE INDEX catalog_app_category_parent_id_caeba90a ON public.catalog_app_category USING btree (parent_id);


--
-- TOC entry 3396 (class 1259 OID 17040)
-- Name: catalog_app_category_title_02185fef_like; Type: INDEX; Schema: public; Owner: postgres
--

CREATE INDEX catalog_app_category_title_02185fef_like ON public.catalog_app_category USING btree (title varchar_pattern_ops);


--
-- TOC entry 3401 (class 1259 OID 17041)
-- Name: django_admin_log_content_type_id_c4bce8eb; Type: INDEX; Schema: public; Owner: postgres
--

CREATE INDEX django_admin_log_content_type_id_c4bce8eb ON public.django_admin_log USING btree (content_type_id);


--
-- TOC entry 3404 (class 1259 OID 17042)
-- Name: django_admin_log_user_id_c564eba6; Type: INDEX; Schema: public; Owner: postgres
--

CREATE INDEX django_admin_log_user_id_c564eba6 ON public.django_admin_log USING btree (user_id);


--
-- TOC entry 3411 (class 1259 OID 17043)
-- Name: django_session_expire_date_a5c62663; Type: INDEX; Schema: public; Owner: postgres
--

CREATE INDEX django_session_expire_date_a5c62663 ON public.django_session USING btree (expire_date);


--
-- TOC entry 3414 (class 1259 OID 17044)
-- Name: django_session_session_key_c0390e0f_like; Type: INDEX; Schema: public; Owner: postgres
--

CREATE INDEX django_session_session_key_c0390e0f_like ON public.django_session USING btree (session_key varchar_pattern_ops);


--
-- TOC entry 3419 (class 1259 OID 17045)
-- Name: orders_app_order_user_id_18a4c961; Type: INDEX; Schema: public; Owner: postgres
--

CREATE INDEX orders_app_order_user_id_18a4c961 ON public.orders_app_order USING btree (user_id);


--
-- TOC entry 3420 (class 1259 OID 17046)
-- Name: orders_app_orderproduct_order_id_c1d749a3; Type: INDEX; Schema: public; Owner: postgres
--

CREATE INDEX orders_app_orderproduct_order_id_c1d749a3 ON public.orders_app_orderproduct USING btree (order_id);


--
-- TOC entry 3425 (class 1259 OID 17047)
-- Name: orders_app_orderproduct_product_id_95bd58a8; Type: INDEX; Schema: public; Owner: postgres
--

CREATE INDEX orders_app_orderproduct_product_id_95bd58a8 ON public.orders_app_orderproduct USING btree (product_id);


--
-- TOC entry 3430 (class 1259 OID 17048)
-- Name: products_app_product_category_id_d9c81155; Type: INDEX; Schema: public; Owner: postgres
--

CREATE INDEX products_app_product_category_id_d9c81155 ON public.products_app_product USING btree (category_id);


--
-- TOC entry 3435 (class 1259 OID 17049)
-- Name: products_app_productimage_product_id_194acb2d; Type: INDEX; Schema: public; Owner: postgres
--

CREATE INDEX products_app_productimage_product_id_194acb2d ON public.products_app_productimage USING btree (product_id);


--
-- TOC entry 3438 (class 1259 OID 17050)
-- Name: products_app_productreview_product_id_c4c59254; Type: INDEX; Schema: public; Owner: postgres
--

CREATE INDEX products_app_productreview_product_id_c4c59254 ON public.products_app_productreview USING btree (product_id);


--
-- TOC entry 3443 (class 1259 OID 17051)
-- Name: products_app_productspecification_product_id_da95f230; Type: INDEX; Schema: public; Owner: postgres
--

CREATE INDEX products_app_productspecification_product_id_da95f230 ON public.products_app_productspecification USING btree (product_id);


--
-- TOC entry 3446 (class 1259 OID 17052)
-- Name: products_app_saleitems_product_id_a52592f9; Type: INDEX; Schema: public; Owner: postgres
--

CREATE INDEX products_app_saleitems_product_id_a52592f9 ON public.products_app_saleitems USING btree (product_id);


--
-- TOC entry 3447 (class 1259 OID 17053)
-- Name: products_app_saleitems_sale_id_d469c843; Type: INDEX; Schema: public; Owner: postgres
--

CREATE INDEX products_app_saleitems_sale_id_d469c843 ON public.products_app_saleitems USING btree (sale_id);


--
-- TOC entry 3468 (class 1259 OID 17054)
-- Name: tags_app_tag_products_product_id_5807e7b2; Type: INDEX; Schema: public; Owner: postgres
--

CREATE INDEX tags_app_tag_products_product_id_5807e7b2 ON public.tags_app_tag_products USING btree (product_id);


--
-- TOC entry 3469 (class 1259 OID 17055)
-- Name: tags_app_tag_products_tag_id_aad7a270; Type: INDEX; Schema: public; Owner: postgres
--

CREATE INDEX tags_app_tag_products_tag_id_aad7a270 ON public.tags_app_tag_products USING btree (tag_id);


--
-- TOC entry 3472 (class 2606 OID 17056)
-- Name: auth_group_permissions auth_group_permissio_permission_id_84c5c92e_fk_auth_perm; Type: FK CONSTRAINT; Schema: public; Owner: postgres
--

ALTER TABLE ONLY public.auth_group_permissions
    ADD CONSTRAINT auth_group_permissio_permission_id_84c5c92e_fk_auth_perm FOREIGN KEY (permission_id) REFERENCES public.auth_permission(id) DEFERRABLE INITIALLY DEFERRED;


--
-- TOC entry 3473 (class 2606 OID 17061)
-- Name: auth_group_permissions auth_group_permissions_group_id_b120cbf9_fk_auth_group_id; Type: FK CONSTRAINT; Schema: public; Owner: postgres
--

ALTER TABLE ONLY public.auth_group_permissions
    ADD CONSTRAINT auth_group_permissions_group_id_b120cbf9_fk_auth_group_id FOREIGN KEY (group_id) REFERENCES public.auth_group(id) DEFERRABLE INITIALLY DEFERRED;


--
-- TOC entry 3474 (class 2606 OID 17066)
-- Name: auth_permission auth_permission_content_type_id_2f476e4b_fk_django_co; Type: FK CONSTRAINT; Schema: public; Owner: postgres
--

ALTER TABLE ONLY public.auth_permission
    ADD CONSTRAINT auth_permission_content_type_id_2f476e4b_fk_django_co FOREIGN KEY (content_type_id) REFERENCES public.django_content_type(id) DEFERRABLE INITIALLY DEFERRED;


--
-- TOC entry 3475 (class 2606 OID 17071)
-- Name: auth_user_groups auth_user_groups_group_id_97559544_fk_auth_group_id; Type: FK CONSTRAINT; Schema: public; Owner: postgres
--

ALTER TABLE ONLY public.auth_user_groups
    ADD CONSTRAINT auth_user_groups_group_id_97559544_fk_auth_group_id FOREIGN KEY (group_id) REFERENCES public.auth_group(id) DEFERRABLE INITIALLY DEFERRED;


--
-- TOC entry 3476 (class 2606 OID 17076)
-- Name: auth_user_groups auth_user_groups_user_id_6a12ed8b_fk_auth_user_id; Type: FK CONSTRAINT; Schema: public; Owner: postgres
--

ALTER TABLE ONLY public.auth_user_groups
    ADD CONSTRAINT auth_user_groups_user_id_6a12ed8b_fk_auth_user_id FOREIGN KEY (user_id) REFERENCES public.auth_user(id) DEFERRABLE INITIALLY DEFERRED;


--
-- TOC entry 3477 (class 2606 OID 17081)
-- Name: auth_user_user_permissions auth_user_user_permi_permission_id_1fbb5f2c_fk_auth_perm; Type: FK CONSTRAINT; Schema: public; Owner: postgres
--

ALTER TABLE ONLY public.auth_user_user_permissions
    ADD CONSTRAINT auth_user_user_permi_permission_id_1fbb5f2c_fk_auth_perm FOREIGN KEY (permission_id) REFERENCES public.auth_permission(id) DEFERRABLE INITIALLY DEFERRED;


--
-- TOC entry 3478 (class 2606 OID 17086)
-- Name: auth_user_user_permissions auth_user_user_permissions_user_id_a95ead1b_fk_auth_user_id; Type: FK CONSTRAINT; Schema: public; Owner: postgres
--

ALTER TABLE ONLY public.auth_user_user_permissions
    ADD CONSTRAINT auth_user_user_permissions_user_id_a95ead1b_fk_auth_user_id FOREIGN KEY (user_id) REFERENCES public.auth_user(id) DEFERRABLE INITIALLY DEFERRED;


--
-- TOC entry 3479 (class 2606 OID 17091)
-- Name: basket_app_basket basket_app_basket_user_id_ac83b27b_fk_auth_user_id; Type: FK CONSTRAINT; Schema: public; Owner: postgres
--

ALTER TABLE ONLY public.basket_app_basket
    ADD CONSTRAINT basket_app_basket_user_id_ac83b27b_fk_auth_user_id FOREIGN KEY (user_id) REFERENCES public.auth_user(id) DEFERRABLE INITIALLY DEFERRED;


--
-- TOC entry 3480 (class 2606 OID 17096)
-- Name: basket_app_basketitem basket_app_basketite_basket_id_ecf7324b_fk_basket_ap; Type: FK CONSTRAINT; Schema: public; Owner: postgres
--

ALTER TABLE ONLY public.basket_app_basketitem
    ADD CONSTRAINT basket_app_basketite_basket_id_ecf7324b_fk_basket_ap FOREIGN KEY (basket_id) REFERENCES public.basket_app_basket(id) DEFERRABLE INITIALLY DEFERRED;


--
-- TOC entry 3481 (class 2606 OID 17101)
-- Name: basket_app_basketitem basket_app_basketite_product_id_36e796ac_fk_products_; Type: FK CONSTRAINT; Schema: public; Owner: postgres
--

ALTER TABLE ONLY public.basket_app_basketitem
    ADD CONSTRAINT basket_app_basketite_product_id_36e796ac_fk_products_ FOREIGN KEY (product_id) REFERENCES public.products_app_product(id) DEFERRABLE INITIALLY DEFERRED;


--
-- TOC entry 3482 (class 2606 OID 17106)
-- Name: catalog_app_category catalog_app_category_image_id_57ab6669_fk_catalog_a; Type: FK CONSTRAINT; Schema: public; Owner: postgres
--

ALTER TABLE ONLY public.catalog_app_category
    ADD CONSTRAINT catalog_app_category_image_id_57ab6669_fk_catalog_a FOREIGN KEY (image_id) REFERENCES public.catalog_app_categoryimage(id) DEFERRABLE INITIALLY DEFERRED;


--
-- TOC entry 3483 (class 2606 OID 17111)
-- Name: catalog_app_category catalog_app_category_parent_id_caeba90a_fk_catalog_a; Type: FK CONSTRAINT; Schema: public; Owner: postgres
--

ALTER TABLE ONLY public.catalog_app_category
    ADD CONSTRAINT catalog_app_category_parent_id_caeba90a_fk_catalog_a FOREIGN KEY (parent_id) REFERENCES public.catalog_app_category(id) DEFERRABLE INITIALLY DEFERRED;


--
-- TOC entry 3484 (class 2606 OID 17116)
-- Name: django_admin_log django_admin_log_content_type_id_c4bce8eb_fk_django_co; Type: FK CONSTRAINT; Schema: public; Owner: postgres
--

ALTER TABLE ONLY public.django_admin_log
    ADD CONSTRAINT django_admin_log_content_type_id_c4bce8eb_fk_django_co FOREIGN KEY (content_type_id) REFERENCES public.django_content_type(id) DEFERRABLE INITIALLY DEFERRED;


--
-- TOC entry 3485 (class 2606 OID 17121)
-- Name: django_admin_log django_admin_log_user_id_c564eba6_fk_auth_user_id; Type: FK CONSTRAINT; Schema: public; Owner: postgres
--

ALTER TABLE ONLY public.django_admin_log
    ADD CONSTRAINT django_admin_log_user_id_c564eba6_fk_auth_user_id FOREIGN KEY (user_id) REFERENCES public.auth_user(id) DEFERRABLE INITIALLY DEFERRED;


--
-- TOC entry 3486 (class 2606 OID 17126)
-- Name: orders_app_order orders_app_order_user_id_18a4c961_fk_auth_user_id; Type: FK CONSTRAINT; Schema: public; Owner: postgres
--

ALTER TABLE ONLY public.orders_app_order
    ADD CONSTRAINT orders_app_order_user_id_18a4c961_fk_auth_user_id FOREIGN KEY (user_id) REFERENCES public.auth_user(id) DEFERRABLE INITIALLY DEFERRED;


--
-- TOC entry 3487 (class 2606 OID 17131)
-- Name: orders_app_orderproduct orders_app_orderprod_order_id_c1d749a3_fk_orders_ap; Type: FK CONSTRAINT; Schema: public; Owner: postgres
--

ALTER TABLE ONLY public.orders_app_orderproduct
    ADD CONSTRAINT orders_app_orderprod_order_id_c1d749a3_fk_orders_ap FOREIGN KEY (order_id) REFERENCES public.orders_app_order(id) DEFERRABLE INITIALLY DEFERRED;


--
-- TOC entry 3488 (class 2606 OID 17136)
-- Name: orders_app_orderproduct orders_app_orderprod_product_id_95bd58a8_fk_products_; Type: FK CONSTRAINT; Schema: public; Owner: postgres
--

ALTER TABLE ONLY public.orders_app_orderproduct
    ADD CONSTRAINT orders_app_orderprod_product_id_95bd58a8_fk_products_ FOREIGN KEY (product_id) REFERENCES public.products_app_product(id) DEFERRABLE INITIALLY DEFERRED;


--
-- TOC entry 3489 (class 2606 OID 17141)
-- Name: orders_app_payment orders_app_payment_order_id_8de640d8_fk_orders_app_order_id; Type: FK CONSTRAINT; Schema: public; Owner: postgres
--

ALTER TABLE ONLY public.orders_app_payment
    ADD CONSTRAINT orders_app_payment_order_id_8de640d8_fk_orders_app_order_id FOREIGN KEY (order_id) REFERENCES public.orders_app_order(id) DEFERRABLE INITIALLY DEFERRED;


--
-- TOC entry 3490 (class 2606 OID 17146)
-- Name: products_app_product products_app_product_category_id_d9c81155_fk_catalog_a; Type: FK CONSTRAINT; Schema: public; Owner: postgres
--

ALTER TABLE ONLY public.products_app_product
    ADD CONSTRAINT products_app_product_category_id_d9c81155_fk_catalog_a FOREIGN KEY (category_id) REFERENCES public.catalog_app_category(id) DEFERRABLE INITIALLY DEFERRED;


--
-- TOC entry 3491 (class 2606 OID 17151)
-- Name: products_app_productimage products_app_product_product_id_194acb2d_fk_products_; Type: FK CONSTRAINT; Schema: public; Owner: postgres
--

ALTER TABLE ONLY public.products_app_productimage
    ADD CONSTRAINT products_app_product_product_id_194acb2d_fk_products_ FOREIGN KEY (product_id) REFERENCES public.products_app_product(id) DEFERRABLE INITIALLY DEFERRED;


--
-- TOC entry 3492 (class 2606 OID 17156)
-- Name: products_app_productreview products_app_product_product_id_c4c59254_fk_products_; Type: FK CONSTRAINT; Schema: public; Owner: postgres
--

ALTER TABLE ONLY public.products_app_productreview
    ADD CONSTRAINT products_app_product_product_id_c4c59254_fk_products_ FOREIGN KEY (product_id) REFERENCES public.products_app_product(id) DEFERRABLE INITIALLY DEFERRED;


--
-- TOC entry 3493 (class 2606 OID 17161)
-- Name: products_app_productspecification products_app_product_product_id_da95f230_fk_products_; Type: FK CONSTRAINT; Schema: public; Owner: postgres
--

ALTER TABLE ONLY public.products_app_productspecification
    ADD CONSTRAINT products_app_product_product_id_da95f230_fk_products_ FOREIGN KEY (product_id) REFERENCES public.products_app_product(id) DEFERRABLE INITIALLY DEFERRED;


--
-- TOC entry 3494 (class 2606 OID 17166)
-- Name: products_app_saleitems products_app_saleite_product_id_a52592f9_fk_products_; Type: FK CONSTRAINT; Schema: public; Owner: postgres
--

ALTER TABLE ONLY public.products_app_saleitems
    ADD CONSTRAINT products_app_saleite_product_id_a52592f9_fk_products_ FOREIGN KEY (product_id) REFERENCES public.products_app_product(id) DEFERRABLE INITIALLY DEFERRED;


--
-- TOC entry 3495 (class 2606 OID 17171)
-- Name: products_app_saleitems products_app_saleite_sale_id_d469c843_fk_products_; Type: FK CONSTRAINT; Schema: public; Owner: postgres
--

ALTER TABLE ONLY public.products_app_saleitems
    ADD CONSTRAINT products_app_saleite_sale_id_d469c843_fk_products_ FOREIGN KEY (sale_id) REFERENCES public.products_app_sales(id) DEFERRABLE INITIALLY DEFERRED;


--
-- TOC entry 3496 (class 2606 OID 17176)
-- Name: profile_app_avatar profile_app_avatar_profile_id_0ef03b4b_fk_profile_a; Type: FK CONSTRAINT; Schema: public; Owner: postgres
--

ALTER TABLE ONLY public.profile_app_avatar
    ADD CONSTRAINT profile_app_avatar_profile_id_0ef03b4b_fk_profile_a FOREIGN KEY (profile_id) REFERENCES public.profile_app_profile(id) DEFERRABLE INITIALLY DEFERRED;


--
-- TOC entry 3497 (class 2606 OID 17181)
-- Name: profile_app_profile profile_app_profile_user_id_296a7b55_fk_auth_user_id; Type: FK CONSTRAINT; Schema: public; Owner: postgres
--

ALTER TABLE ONLY public.profile_app_profile
    ADD CONSTRAINT profile_app_profile_user_id_296a7b55_fk_auth_user_id FOREIGN KEY (user_id) REFERENCES public.auth_user(id) DEFERRABLE INITIALLY DEFERRED;


--
-- TOC entry 3498 (class 2606 OID 17186)
-- Name: tags_app_tag_products tags_app_tag_product_product_id_5807e7b2_fk_products_; Type: FK CONSTRAINT; Schema: public; Owner: postgres
--

ALTER TABLE ONLY public.tags_app_tag_products
    ADD CONSTRAINT tags_app_tag_product_product_id_5807e7b2_fk_products_ FOREIGN KEY (product_id) REFERENCES public.products_app_product(id) DEFERRABLE INITIALLY DEFERRED;


--
-- TOC entry 3499 (class 2606 OID 17191)
-- Name: tags_app_tag_products tags_app_tag_products_tag_id_aad7a270_fk_tags_app_tag_id; Type: FK CONSTRAINT; Schema: public; Owner: postgres
--

ALTER TABLE ONLY public.tags_app_tag_products
    ADD CONSTRAINT tags_app_tag_products_tag_id_aad7a270_fk_tags_app_tag_id FOREIGN KEY (tag_id) REFERENCES public.tags_app_tag(id) DEFERRABLE INITIALLY DEFERRED;


--
-- TOC entry 3706 (class 0 OID 0)
-- Dependencies: 5
-- Name: SCHEMA public; Type: ACL; Schema: -; Owner: postgres
--

REVOKE USAGE ON SCHEMA public FROM PUBLIC;


-- Completed on 2025-08-10 16:42:16 UTC

--
-- PostgreSQL database dump complete
--

