[
{
    "model": "admin.logentry",
    "pk": 1,
    "fields": {
        "action_time": "2025-05-31T15:06:14.284Z",
        "user": 1,
        "content_type": 8,
        "object_id": "19",
        "object_repr": "Колонка JBL Flip 6 (pk=19)",
        "action_flag": 2,
        "change_message": "[{\"changed\": {\"fields\": [\"Limited\"]}}]"
    }
},
{
    "model": "admin.logentry",
    "pk": 2,
    "fields": {
        "action_time": "2025-05-31T16:54:44.510Z",
        "user": 1,
        "content_type": 14,
        "object_id": "8",
        "object_repr": "Наушники (pk=8)",
        "action_flag": 2,
        "change_message": "[{\"changed\": {\"fields\": [\"Favorite\"]}}]"
    }
},
{
    "model": "admin.logentry",
    "pk": 3,
    "fields": {
        "action_time": "2025-05-31T16:55:54.389Z",
        "user": 1,
        "content_type": 14,
        "object_id": "2",
        "object_repr": "Квадрокоптеры (pk=2)",
        "action_flag": 2,
        "change_message": "[{\"changed\": {\"fields\": [\"Favorite\"]}}]"
    }
},
{
    "model": "admin.logentry",
    "pk": 4,
    "fields": {
        "action_time": "2025-05-31T17:51:17.790Z",
        "user": 1,
        "content_type": 14,
        "object_id": "17",
        "object_repr": "Игровые приставки (pk=17)",
        "action_flag": 2,
        "change_message": "[{\"changed\": {\"fields\": [\"Favorite\"]}}]"
    }
},
{
    "model": "admin.logentry",
    "pk": 5,
    "fields": {
        "action_time": "2025-05-31T17:57:03.099Z",
        "user": 1,
        "content_type": 14,
        "object_id": "16",
        "object_repr": "Игровые приставки и ноутбуки (pk=16)",
        "action_flag": 2,
        "change_message": "[{\"changed\": {\"fields\": [\"Favorite\"]}}]"
    }
},
{
    "model": "admin.logentry",
    "pk": 6,
    "fields": {
        "action_time": "2025-05-31T18:11:22.462Z",
        "user": 1,
        "content_type": 14,
        "object_id": "16",
        "object_repr": "Игровые приставки и ноутбуки (pk=16)",
        "action_flag": 2,
        "change_message": "[{\"changed\": {\"fields\": [\"Favorite\"]}}]"
    }
},
{
    "model": "admin.logentry",
    "pk": 7,
    "fields": {
        "action_time": "2025-05-31T18:11:46.106Z",
        "user": 1,
        "content_type": 14,
        "object_id": "17",
        "object_repr": "Игровые приставки (pk=17)",
        "action_flag": 2,
        "change_message": "[{\"changed\": {\"fields\": [\"Favorite\"]}}]"
    }
},
{
    "model": "admin.logentry",
    "pk": 8,
    "fields": {
        "action_time": "2025-06-01T09:16:18.302Z",
        "user": 1,
        "content_type": 23,
        "object_id": "1",
        "object_repr": "Delivery object (1)",
        "action_flag": 1,
        "change_message": "[{\"added\": {}}]"
    }
},
{
    "model": "admin.logentry",
    "pk": 9,
    "fields": {
        "action_time": "2025-06-01T09:16:33.030Z",
        "user": 1,
        "content_type": 23,
        "object_id": "2",
        "object_repr": "Delivery object (2)",
        "action_flag": 1,
        "change_message": "[{\"added\": {}}]"
    }
},
{
    "model": "admin.logentry",
    "pk": 10,
    "fields": {
        "action_time": "2025-06-01T10:00:26.728Z",
        "user": 1,
        "content_type": 23,
        "object_id": "1",
        "object_repr": "Delivery object (1)",
        "action_flag": 1,
        "change_message": "[{\"added\": {}}]"
    }
},
{
    "model": "admin.logentry",
    "pk": 11,
    "fields": {
        "action_time": "2025-06-01T10:00:48.971Z",
        "user": 1,
        "content_type": 23,
        "object_id": "1",
        "object_repr": "Delivery object (1)",
        "action_flag": 2,
        "change_message": "[{\"changed\": {\"fields\": [\"Ordinary price\"]}}]"
    }
},
{
    "model": "admin.logentry",
    "pk": 12,
    "fields": {
        "action_time": "2025-06-01T10:00:59.539Z",
        "user": 1,
        "content_type": 23,
        "object_id": "1",
        "object_repr": "Delivery object (1)",
        "action_flag": 2,
        "change_message": "[{\"changed\": {\"fields\": [\"Ordinary price\"]}}]"
    }
},
{
    "model": "admin.logentry",
    "pk": 13,
    "fields": {
        "action_time": "2025-06-01T10:08:53.025Z",
        "user": 1,
        "content_type": 23,
        "object_id": "1",
        "object_repr": "Delivery object (1)",
        "action_flag": 2,
        "change_message": "[{\"changed\": {\"fields\": [\"Ordinary price\"]}}]"
    }
},
{
    "model": "admin.logentry",
    "pk": 14,
    "fields": {
        "action_time": "2025-06-01T10:09:25.307Z",
        "user": 1,
        "content_type": 23,
        "object_id": "1",
        "object_repr": "Delivery object (1)",
        "action_flag": 3,
        "change_message": ""
    }
},
{
    "model": "admin.logentry",
    "pk": 15,
    "fields": {
        "action_time": "2025-06-01T10:09:43.495Z",
        "user": 1,
        "content_type": 23,
        "object_id": "2",
        "object_repr": "Delivery object (2)",
        "action_flag": 1,
        "change_message": "[{\"added\": {}}]"
    }
},
{
    "model": "admin.logentry",
    "pk": 16,
    "fields": {
        "action_time": "2025-06-01T10:11:41.733Z",
        "user": 1,
        "content_type": 23,
        "object_id": "2",
        "object_repr": "Delivery object (2)",
        "action_flag": 2,
        "change_message": "[{\"changed\": {\"fields\": [\"Ordinary price\"]}}]"
    }
},
{
    "model": "admin.logentry",
    "pk": 17,
    "fields": {
        "action_time": "2025-06-01T10:15:55.453Z",
        "user": 1,
        "content_type": 23,
        "object_id": "1",
        "object_repr": "Delivery object (1)",
        "action_flag": 1,
        "change_message": "[{\"added\": {}}]"
    }
},
{
    "model": "admin.logentry",
    "pk": 18,
    "fields": {
        "action_time": "2025-06-01T10:17:21.704Z",
        "user": 1,
        "content_type": 23,
        "object_id": "1",
        "object_repr": "Delivery object (1)",
        "action_flag": 1,
        "change_message": "[{\"added\": {}}]"
    }
},
{
    "model": "admin.logentry",
    "pk": 19,
    "fields": {
        "action_time": "2025-06-01T11:33:19.944Z",
        "user": 1,
        "content_type": 4,
        "object_id": "2",
        "object_repr": "dan",
        "action_flag": 2,
        "change_message": "[{\"changed\": {\"fields\": [\"Username\", \"First name\", \"Email address\"]}}]"
    }
},
{
    "model": "admin.logentry",
    "pk": 20,
    "fields": {
        "action_time": "2025-06-01T11:37:24.505Z",
        "user": 1,
        "content_type": 4,
        "object_id": "2",
        "object_repr": "dan",
        "action_flag": 3,
        "change_message": ""
    }
},
{
    "model": "admin.logentry",
    "pk": 21,
    "fields": {
        "action_time": "2025-06-12T12:25:33.220Z",
        "user": 1,
        "content_type": 4,
        "object_id": "8",
        "object_repr": "daniel",
        "action_flag": 3,
        "change_message": ""
    }
},
{
    "model": "admin.logentry",
    "pk": 22,
    "fields": {
        "action_time": "2025-08-09T22:21:06.726Z",
        "user": 1,
        "content_type": 7,
        "object_id": "1",
        "object_repr": "Sales object (1)",
        "action_flag": 2,
        "change_message": "[{\"changed\": {\"name\": \"\\u0422\\u043e\\u0432\\u0430\\u0440 \\u043d\\u0430 \\u0440\\u0430\\u0441\\u043f\\u0440\\u043e\\u0434\\u0430\\u0436\\u0435\", \"object\": \"SaleItems object (4)\", \"fields\": [\"DateTo\"]}}, {\"changed\": {\"name\": \"\\u0422\\u043e\\u0432\\u0430\\u0440 \\u043d\\u0430 \\u0440\\u0430\\u0441\\u043f\\u0440\\u043e\\u0434\\u0430\\u0436\\u0435\", \"object\": \"SaleItems object (1)\", \"fields\": [\"DateTo\"]}}, {\"changed\": {\"name\": \"\\u0422\\u043e\\u0432\\u0430\\u0440 \\u043d\\u0430 \\u0440\\u0430\\u0441\\u043f\\u0440\\u043e\\u0434\\u0430\\u0436\\u0435\", \"object\": \"SaleItems object (2)\", \"fields\": [\"DateTo\"]}}, {\"changed\": {\"name\": \"\\u0422\\u043e\\u0432\\u0430\\u0440 \\u043d\\u0430 \\u0440\\u0430\\u0441\\u043f\\u0440\\u043e\\u0434\\u0430\\u0436\\u0435\", \"object\": \"SaleItems object (3)\", \"fields\": [\"DateTo\"]}}]"
    }
},
{
    "model": "admin.logentry",
    "pk": 23,
    "fields": {
        "action_time": "2025-08-12T14:49:23.072Z",
        "user": 1,
        "content_type": 14,
        "object_id": "3",
        "object_repr": "Запчасти для коптеров",
        "action_flag": 2,
        "change_message": "[{\"changed\": {\"fields\": [\"Title\"]}}]"
    }
},
{
    "model": "admin.logentry",
    "pk": 24,
    "fields": {
        "action_time": "2025-08-12T16:10:59.666Z",
        "user": 1,
        "content_type": 8,
        "object_id": "30",
        "object_repr": "Системный блок MagicPC 3 Pro (pk=30)",
        "action_flag": 1,
        "change_message": "[{\"added\": {}}, {\"added\": {\"name\": \"\\u0418\\u0437\\u043e\\u0431\\u0440\\u0430\\u0436\\u0435\\u043d\\u0438\\u0435 \\u0442\\u043e\\u0432\\u0430\\u0440\\u0430\", \"object\": \"system_blok.jpg (pk=30)\"}}, {\"added\": {\"name\": \"tag-product relationship\", \"object\": \"Tag_products object (41)\"}}, {\"added\": {\"name\": \"\\u0421\\u043f\\u0435\\u0446\\u0438\\u0444\\u0438\\u043a\\u0430\\u0446\\u0438\\u044f \\u0442\\u043e\\u0432\\u0430\\u0440\\u0430\", \"object\": \"\\u043f\\u0440\\u043e\\u0446\\u0435\\u0441\\u0441\\u043e\\u0440 (pk=55)\"}}, {\"added\": {\"name\": \"\\u0421\\u043f\\u0435\\u0446\\u0438\\u0444\\u0438\\u043a\\u0430\\u0446\\u0438\\u044f \\u0442\\u043e\\u0432\\u0430\\u0440\\u0430\", \"object\": \"\\u043e\\u043f\\u0435\\u0440\\u0430\\u0442\\u0438\\u0432\\u043d\\u0430\\u044f \\u043f\\u0430\\u043c\\u044f\\u0442\\u044c (pk=56)\"}}, {\"added\": {\"name\": \"\\u0421\\u043f\\u0435\\u0446\\u0438\\u0444\\u0438\\u043a\\u0430\\u0446\\u0438\\u044f \\u0442\\u043e\\u0432\\u0430\\u0440\\u0430\", \"object\": \"\\u0432\\u0438\\u0434\\u0435\\u043e \\u043a\\u0430\\u0440\\u0442\\u0430 (pk=57)\"}}]"
    }
},
{
    "model": "admin.logentry",
    "pk": 25,
    "fields": {
        "action_time": "2025-08-12T16:15:16.571Z",
        "user": 1,
        "content_type": 15,
        "object_id": "2",
        "object_repr": "PC & accesories",
        "action_flag": 2,
        "change_message": "[{\"changed\": {\"fields\": [\"Name\"]}}]"
    }
},
{
    "model": "admin.logentry",
    "pk": 26,
    "fields": {
        "action_time": "2025-08-12T16:20:27.244Z",
        "user": 1,
        "content_type": 13,
        "object_id": "14",
        "object_repr": "monitors_F9hyXG6.png (pk=14)",
        "action_flag": 3,
        "change_message": ""
    }
},
{
    "model": "admin.logentry",
    "pk": 27,
    "fields": {
        "action_time": "2025-08-16T10:35:55.783Z",
        "user": 1,
        "content_type": 8,
        "object_id": "1",
        "object_repr": "Ноутбук ASUS Asus ROG G16 i7 (pk=1)",
        "action_flag": 2,
        "change_message": "[{\"changed\": {\"fields\": [\"Title\"]}}]"
    }
},
{
    "model": "admin.logentry",
    "pk": 28,
    "fields": {
        "action_time": "2025-08-16T10:36:09.738Z",
        "user": 1,
        "content_type": 8,
        "object_id": "10",
        "object_repr": "FPV шлем 800D (pk=10)",
        "action_flag": 2,
        "change_message": "[{\"changed\": {\"fields\": [\"Title\"]}}]"
    }
},
{
    "model": "admin.logentry",
    "pk": 29,
    "fields": {
        "action_time": "2025-08-16T11:20:18.358Z",
        "user": 1,
        "content_type": 3,
        "object_id": "1",
        "object_repr": "seller_assistants",
        "action_flag": 1,
        "change_message": "[{\"added\": {}}]"
    }
},
{
    "model": "admin.logentry",
    "pk": 30,
    "fields": {
        "action_time": "2025-08-16T11:20:31.617Z",
        "user": 1,
        "content_type": 3,
        "object_id": "2",
        "object_repr": "admins",
        "action_flag": 1,
        "change_message": "[{\"added\": {}}]"
    }
},
{
    "model": "admin.logentry",
    "pk": 31,
    "fields": {
        "action_time": "2025-08-16T11:32:11.438Z",
        "user": 1,
        "content_type": 3,
        "object_id": "3",
        "object_repr": "buyers",
        "action_flag": 1,
        "change_message": "[{\"added\": {}}]"
    }
},
{
    "model": "admin.logentry",
    "pk": 32,
    "fields": {
        "action_time": "2025-08-16T11:33:45.564Z",
        "user": 1,
        "content_type": 4,
        "object_id": "6",
        "object_repr": "bob",
        "action_flag": 2,
        "change_message": "[{\"changed\": {\"fields\": [\"Groups\"]}}]"
    }
},
{
    "model": "admin.logentry",
    "pk": 33,
    "fields": {
        "action_time": "2025-08-16T11:34:09.283Z",
        "user": 1,
        "content_type": 4,
        "object_id": "5",
        "object_repr": "mat",
        "action_flag": 2,
        "change_message": "[{\"changed\": {\"fields\": [\"Staff status\", \"Groups\"]}}]"
    }
},
{
    "model": "admin.logentry",
    "pk": 34,
    "fields": {
        "action_time": "2025-08-16T11:34:24.287Z",
        "user": 1,
        "content_type": 4,
        "object_id": "9",
        "object_repr": "daniel",
        "action_flag": 2,
        "change_message": "[{\"changed\": {\"fields\": [\"Groups\"]}}]"
    }
},
{
    "model": "admin.logentry",
    "pk": 35,
    "fields": {
        "action_time": "2025-08-16T11:34:39.695Z",
        "user": 1,
        "content_type": 4,
        "object_id": "7",
        "object_repr": "nick",
        "action_flag": 2,
        "change_message": "[{\"changed\": {\"fields\": [\"Groups\"]}}]"
    }
},
{
    "model": "admin.logentry",
    "pk": 36,
    "fields": {
        "action_time": "2025-08-16T11:38:15.453Z",
        "user": 1,
        "content_type": 4,
        "object_id": "1",
        "object_repr": "admin",
        "action_flag": 2,
        "change_message": "[{\"changed\": {\"fields\": [\"Last name\", \"Groups\"]}}]"
    }
},
{
    "model": "admin.logentry",
    "pk": 37,
    "fields": {
        "action_time": "2025-08-16T15:08:44.632Z",
        "user": 5,
        "content_type": 4,
        "object_id": "6",
        "object_repr": "bob",
        "action_flag": 2,
        "change_message": "[{\"changed\": {\"fields\": [\"Staff status\"]}}]"
    }
},
{
    "model": "admin.logentry",
    "pk": 38,
    "fields": {
        "action_time": "2025-08-16T15:14:58.494Z",
        "user": 1,
        "content_type": 3,
        "object_id": "3",
        "object_repr": "buyers",
        "action_flag": 2,
        "change_message": "[{\"changed\": {\"fields\": [\"Permissions\"]}}]"
    }
},
{
    "model": "admin.logentry",
    "pk": 39,
    "fields": {
        "action_time": "2025-08-16T15:23:07.339Z",
        "user": 1,
        "content_type": 3,
        "object_id": "3",
        "object_repr": "buyers",
        "action_flag": 2,
        "change_message": "[{\"changed\": {\"fields\": [\"Permissions\"]}}]"
    }
},
{
    "model": "admin.logentry",
    "pk": 40,
    "fields": {
        "action_time": "2025-08-16T16:58:19.736Z",
        "user": 1,
        "content_type": 3,
        "object_id": "3",
        "object_repr": "buyers",
        "action_flag": 2,
        "change_message": "[{\"changed\": {\"fields\": [\"Permissions\"]}}]"
    }
},
{
    "model": "admin.logentry",
    "pk": 41,
    "fields": {
        "action_time": "2025-08-16T18:18:02.505Z",
        "user": 1,
        "content_type": 11,
        "object_id": "21",
        "object_repr": "Review by Ubi gr)",
        "action_flag": 2,
        "change_message": "[{\"changed\": {\"fields\": [\"User\"]}}]"
    }
},
{
    "model": "admin.logentry",
    "pk": 42,
    "fields": {
        "action_time": "2025-08-16T18:18:07.276Z",
        "user": 1,
        "content_type": 11,
        "object_id": "20",
        "object_repr": "Review by Don)",
        "action_flag": 2,
        "change_message": "[{\"changed\": {\"fields\": [\"User\"]}}]"
    }
},
{
    "model": "admin.logentry",
    "pk": 43,
    "fields": {
        "action_time": "2025-08-16T18:18:14.084Z",
        "user": 1,
        "content_type": 11,
        "object_id": "19",
        "object_repr": "Review by Micky)",
        "action_flag": 2,
        "change_message": "[{\"changed\": {\"fields\": [\"User\"]}}]"
    }
},
{
    "model": "admin.logentry",
    "pk": 44,
    "fields": {
        "action_time": "2025-08-16T18:18:17.411Z",
        "user": 1,
        "content_type": 11,
        "object_id": "19",
        "object_repr": "Review by Micky)",
        "action_flag": 2,
        "change_message": "[]"
    }
},
{
    "model": "admin.logentry",
    "pk": 45,
    "fields": {
        "action_time": "2025-08-16T18:18:51.048Z",
        "user": 1,
        "content_type": 11,
        "object_id": "18",
        "object_repr": "Review by Frank Wales)",
        "action_flag": 2,
        "change_message": "[{\"changed\": {\"fields\": [\"User\"]}}]"
    }
},
{
    "model": "admin.logentry",
    "pk": 46,
    "fields": {
        "action_time": "2025-08-16T18:18:58.580Z",
        "user": 1,
        "content_type": 11,
        "object_id": "16",
        "object_repr": "Review by Annoying Orange)",
        "action_flag": 2,
        "change_message": "[{\"changed\": {\"fields\": [\"User\"]}}]"
    }
},
{
    "model": "admin.logentry",
    "pk": 47,
    "fields": {
        "action_time": "2025-08-16T18:19:03.607Z",
        "user": 1,
        "content_type": 11,
        "object_id": "7",
        "object_repr": "Review by Dred)",
        "action_flag": 2,
        "change_message": "[{\"changed\": {\"fields\": [\"User\"]}}]"
    }
},
{
    "model": "admin.logentry",
    "pk": 48,
    "fields": {
        "action_time": "2025-08-16T18:19:09.437Z",
        "user": 1,
        "content_type": 11,
        "object_id": "4",
        "object_repr": "Review by Mat)",
        "action_flag": 2,
        "change_message": "[{\"changed\": {\"fields\": [\"User\"]}}]"
    }
},
{
    "model": "admin.logentry",
    "pk": 49,
    "fields": {
        "action_time": "2025-08-16T18:19:15.420Z",
        "user": 1,
        "content_type": 11,
        "object_id": "2",
        "object_repr": "Review by Nick)",
        "action_flag": 2,
        "change_message": "[{\"changed\": {\"fields\": [\"User\"]}}]"
    }
},
{
    "model": "admin.logentry",
    "pk": 50,
    "fields": {
        "action_time": "2025-08-16T18:19:34.007Z",
        "user": 1,
        "content_type": 11,
        "object_id": "17",
        "object_repr": "Review by Nicolas)",
        "action_flag": 2,
        "change_message": "[{\"changed\": {\"fields\": [\"User\"]}}]"
    }
},
{
    "model": "admin.logentry",
    "pk": 51,
    "fields": {
        "action_time": "2025-08-16T18:19:40.133Z",
        "user": 1,
        "content_type": 11,
        "object_id": "1",
        "object_repr": "Review by Fred)",
        "action_flag": 2,
        "change_message": "[{\"changed\": {\"fields\": [\"User\"]}}]"
    }
},
{
    "model": "admin.logentry",
    "pk": 52,
    "fields": {
        "action_time": "2025-08-16T19:50:10.075Z",
        "user": 1,
        "content_type": 18,
        "object_id": "3",
        "object_repr": "'Profile 3'",
        "action_flag": 2,
        "change_message": "[{\"changed\": {\"fields\": [\"FullName\"]}}]"
    }
},
{
    "model": "admin.logentry",
    "pk": 53,
    "fields": {
        "action_time": "2025-08-16T19:50:41.491Z",
        "user": 1,
        "content_type": 11,
        "object_id": "21",
        "object_repr": "Review by Bob Sendler)",
        "action_flag": 2,
        "change_message": "[{\"changed\": {\"fields\": [\"Author\"]}}]"
    }
},
{
    "model": "admin.logentry",
    "pk": 54,
    "fields": {
        "action_time": "2025-08-16T19:50:52.647Z",
        "user": 1,
        "content_type": 11,
        "object_id": "16",
        "object_repr": "Review by Bob Sendler)",
        "action_flag": 2,
        "change_message": "[{\"changed\": {\"fields\": [\"Author\"]}}]"
    }
},
{
    "model": "admin.logentry",
    "pk": 55,
    "fields": {
        "action_time": "2025-08-16T19:50:58.114Z",
        "user": 1,
        "content_type": 11,
        "object_id": "1",
        "object_repr": "Review by Bob Sendler)",
        "action_flag": 2,
        "change_message": "[{\"changed\": {\"fields\": [\"Author\"]}}]"
    }
},
{
    "model": "admin.logentry",
    "pk": 56,
    "fields": {
        "action_time": "2025-08-16T19:51:43.852Z",
        "user": 1,
        "content_type": 11,
        "object_id": "21",
        "object_repr": "Review by Bob Sendler)",
        "action_flag": 2,
        "change_message": "[{\"changed\": {\"fields\": [\"Email\"]}}]"
    }
},
{
    "model": "admin.logentry",
    "pk": 57,
    "fields": {
        "action_time": "2025-08-16T19:51:50.895Z",
        "user": 1,
        "content_type": 11,
        "object_id": "16",
        "object_repr": "Review by Bob Sendler)",
        "action_flag": 2,
        "change_message": "[{\"changed\": {\"fields\": [\"Email\"]}}]"
    }
},
{
    "model": "admin.logentry",
    "pk": 58,
    "fields": {
        "action_time": "2025-08-16T19:51:56.281Z",
        "user": 1,
        "content_type": 11,
        "object_id": "18",
        "object_repr": "Review by Frank Wales)",
        "action_flag": 2,
        "change_message": "[{\"changed\": {\"fields\": [\"Email\"]}}]"
    }
},
{
    "model": "admin.logentry",
    "pk": 59,
    "fields": {
        "action_time": "2025-08-16T19:52:04.542Z",
        "user": 1,
        "content_type": 11,
        "object_id": "1",
        "object_repr": "Review by Bob Sendler)",
        "action_flag": 2,
        "change_message": "[{\"changed\": {\"fields\": [\"Email\"]}}]"
    }
},
{
    "model": "admin.logentry",
    "pk": 60,
    "fields": {
        "action_time": "2025-08-16T19:52:28.144Z",
        "user": 1,
        "content_type": 11,
        "object_id": "18",
        "object_repr": "Review by Frank Wales)",
        "action_flag": 2,
        "change_message": "[{\"changed\": {\"fields\": [\"Email\"]}}]"
    }
},
{
    "model": "admin.logentry",
    "pk": 61,
    "fields": {
        "action_time": "2025-08-16T19:52:39.264Z",
        "user": 1,
        "content_type": 11,
        "object_id": "2",
        "object_repr": "Review by Nick)",
        "action_flag": 2,
        "change_message": "[{\"changed\": {\"fields\": [\"Email\"]}}]"
    }
},
{
    "model": "admin.logentry",
    "pk": 62,
    "fields": {
        "action_time": "2025-08-16T19:53:02.968Z",
        "user": 1,
        "content_type": 11,
        "object_id": "18",
        "object_repr": "Review by Nick Groover)",
        "action_flag": 2,
        "change_message": "[{\"changed\": {\"fields\": [\"Author\"]}}]"
    }
},
{
    "model": "admin.logentry",
    "pk": 63,
    "fields": {
        "action_time": "2025-08-16T19:53:14.592Z",
        "user": 1,
        "content_type": 11,
        "object_id": "2",
        "object_repr": "Review by Nick Groover)",
        "action_flag": 2,
        "change_message": "[{\"changed\": {\"fields\": [\"Author\"]}}]"
    }
},
{
    "model": "admin.logentry",
    "pk": 64,
    "fields": {
        "action_time": "2025-08-16T19:53:38.553Z",
        "user": 1,
        "content_type": 11,
        "object_id": "4",
        "object_repr": "Review by Matteu Dawson)",
        "action_flag": 2,
        "change_message": "[{\"changed\": {\"fields\": [\"Author\"]}}]"
    }
},
{
    "model": "admin.logentry",
    "pk": 65,
    "fields": {
        "action_time": "2025-08-16T19:53:55.316Z",
        "user": 1,
        "content_type": 11,
        "object_id": "19",
        "object_repr": "Review by Matteu Dawson)",
        "action_flag": 2,
        "change_message": "[{\"changed\": {\"fields\": [\"Author\"]}}]"
    }
},
{
    "model": "admin.logentry",
    "pk": 66,
    "fields": {
        "action_time": "2025-08-16T19:54:15.456Z",
        "user": 1,
        "content_type": 11,
        "object_id": "22",
        "object_repr": "Review by John Conor)",
        "action_flag": 2,
        "change_message": "[]"
    }
},
{
    "model": "admin.logentry",
    "pk": 67,
    "fields": {
        "action_time": "2025-08-16T19:54:40.171Z",
        "user": 1,
        "content_type": 11,
        "object_id": "19",
        "object_repr": "Review by Matteu Dawson)",
        "action_flag": 2,
        "change_message": "[{\"changed\": {\"fields\": [\"Email\", \"Text\"]}}]"
    }
},
{
    "model": "admin.logentry",
    "pk": 68,
    "fields": {
        "action_time": "2025-08-16T19:54:47.258Z",
        "user": 1,
        "content_type": 11,
        "object_id": "4",
        "object_repr": "Review by Matteu Dawson)",
        "action_flag": 2,
        "change_message": "[{\"changed\": {\"fields\": [\"Email\"]}}]"
    }
},
{
    "model": "admin.logentry",
    "pk": 69,
    "fields": {
        "action_time": "2025-08-16T19:55:56.513Z",
        "user": 1,
        "content_type": 11,
        "object_id": "20",
        "object_repr": "Review by Daniel Craig)",
        "action_flag": 2,
        "change_message": "[{\"changed\": {\"fields\": [\"Author\", \"Email\"]}}]"
    }
},
{
    "model": "admin.logentry",
    "pk": 70,
    "fields": {
        "action_time": "2025-08-16T19:56:24.277Z",
        "user": 1,
        "content_type": 11,
        "object_id": "17",
        "object_repr": "Review by Daniel Craig)",
        "action_flag": 2,
        "change_message": "[{\"changed\": {\"fields\": [\"Author\", \"Email\"]}}]"
    }
},
{
    "model": "admin.logentry",
    "pk": 71,
    "fields": {
        "action_time": "2025-08-16T19:56:51.147Z",
        "user": 1,
        "content_type": 11,
        "object_id": "7",
        "object_repr": "Review by Daniel Craig)",
        "action_flag": 2,
        "change_message": "[{\"changed\": {\"fields\": [\"Author\", \"Email\"]}}]"
    }
},
{
    "model": "admin.logentry",
    "pk": 72,
    "fields": {
        "action_time": "2025-08-16T20:13:33.860Z",
        "user": 1,
        "content_type": 3,
        "object_id": "3",
        "object_repr": "buyers",
        "action_flag": 2,
        "change_message": "[{\"changed\": {\"fields\": [\"Permissions\"]}}]"
    }
},
{
    "model": "admin.logentry",
    "pk": 73,
    "fields": {
        "action_time": "2025-08-16T20:33:29.091Z",
        "user": 1,
        "content_type": 18,
        "object_id": "12",
        "object_repr": "'Profile 12'",
        "action_flag": 2,
        "change_message": "[{\"added\": {\"name\": \"\\u0410\\u0432\\u0430\\u0442\\u0430\\u0440 \\u043f\\u043e\\u043b\\u044c\\u0437\\u043e\\u0432\\u0430\\u0442\\u0435\\u043b\\u044f\", \"object\": \"avatar6.png\"}}]"
    }
},
{
    "model": "admin.logentry",
    "pk": 74,
    "fields": {
        "action_time": "2025-08-16T20:35:04.664Z",
        "user": 1,
        "content_type": 18,
        "object_id": "3",
        "object_repr": "'Profile 3'",
        "action_flag": 2,
        "change_message": "[{\"changed\": {\"name\": \"\\u0410\\u0432\\u0430\\u0442\\u0430\\u0440 \\u043f\\u043e\\u043b\\u044c\\u0437\\u043e\\u0432\\u0430\\u0442\\u0435\\u043b\\u044f\", \"object\": \"avatar5.png\", \"fields\": [\"Src\", \"Alt\"]}}]"
    }
},
{
    "model": "admin.logentry",
    "pk": 75,
    "fields": {
        "action_time": "2025-08-16T20:35:34.675Z",
        "user": 1,
        "content_type": 18,
        "object_id": "6",
        "object_repr": "'Profile 6'",
        "action_flag": 2,
        "change_message": "[{\"changed\": {\"name\": \"\\u0410\\u0432\\u0430\\u0442\\u0430\\u0440 \\u043f\\u043e\\u043b\\u044c\\u0437\\u043e\\u0432\\u0430\\u0442\\u0435\\u043b\\u044f\", \"object\": \"avatar3.png\", \"fields\": [\"Src\", \"Alt\"]}}]"
    }
},
{
    "model": "admin.logentry",
    "pk": 76,
    "fields": {
        "action_time": "2025-08-16T20:37:44.167Z",
        "user": 1,
        "content_type": 18,
        "object_id": "9",
        "object_repr": "'Profile 9'",
        "action_flag": 2,
        "change_message": "[{\"changed\": {\"name\": \"\\u0410\\u0432\\u0430\\u0442\\u0430\\u0440 \\u043f\\u043e\\u043b\\u044c\\u0437\\u043e\\u0432\\u0430\\u0442\\u0435\\u043b\\u044f\", \"object\": \"avatar7.png\", \"fields\": [\"Src\", \"Alt\"]}}]"
    }
},
{
    "model": "admin.logentry",
    "pk": 77,
    "fields": {
        "action_time": "2025-08-17T13:49:11.581Z",
        "user": 1,
        "content_type": 4,
        "object_id": "7",
        "object_repr": "nick",
        "action_flag": 2,
        "change_message": "[{\"changed\": {\"fields\": [\"Active\"]}}]"
    }
},
{
    "model": "admin.logentry",
    "pk": 78,
    "fields": {
        "action_time": "2025-08-17T20:14:33.231Z",
        "user": 1,
        "content_type": 8,
        "object_id": "32",
        "object_repr": "Колонка беспроводная TEST",
        "action_flag": 3,
        "change_message": ""
    }
},
{
    "model": "admin.logentry",
    "pk": 79,
    "fields": {
        "action_time": "2025-08-17T20:14:33.231Z",
        "user": 1,
        "content_type": 8,
        "object_id": "31",
        "object_repr": "Монитор TEST",
        "action_flag": 3,
        "change_message": ""
    }
},
{
    "model": "admin.logentry",
    "pk": 80,
    "fields": {
        "action_time": "2025-08-17T20:23:21.531Z",
        "user": 1,
        "content_type": 8,
        "object_id": "33",
        "object_repr": "Монитор ТЕСТ",
        "action_flag": 3,
        "change_message": ""
    }
},
{
    "model": "admin.logentry",
    "pk": 81,
    "fields": {
        "action_time": "2025-08-17T20:26:15.654Z",
        "user": 1,
        "content_type": 8,
        "object_id": "34",
        "object_repr": "Монитор ТЕСТ",
        "action_flag": 3,
        "change_message": ""
    }
},
{
    "model": "admin.logentry",
    "pk": 82,
    "fields": {
        "action_time": "2025-08-17T20:34:43.264Z",
        "user": 1,
        "content_type": 8,
        "object_id": "35",
        "object_repr": "МОНИТОР ТЕСТ",
        "action_flag": 2,
        "change_message": "[]"
    }
},
{
    "model": "admin.logentry",
    "pk": 83,
    "fields": {
        "action_time": "2025-08-17T20:54:59.376Z",
        "user": 1,
        "content_type": 8,
        "object_id": "35",
        "object_repr": "МОНИТОР ТЕСТ",
        "action_flag": 3,
        "change_message": ""
    }
},
{
    "model": "admin.logentry",
    "pk": 84,
    "fields": {
        "action_time": "2025-08-17T20:57:07.323Z",
        "user": 1,
        "content_type": 9,
        "object_id": "32",
        "object_repr": "desktop1.jpg",
        "action_flag": 3,
        "change_message": ""
    }
},
{
    "model": "admin.logentry",
    "pk": 85,
    "fields": {
        "action_time": "2025-08-17T20:57:07.323Z",
        "user": 1,
        "content_type": 9,
        "object_id": "31",
        "object_repr": "desktop1.jpg",
        "action_flag": 3,
        "change_message": ""
    }
},
{
    "model": "admin.logentry",
    "pk": 86,
    "fields": {
        "action_time": "2025-08-17T20:58:36.496Z",
        "user": 1,
        "content_type": 8,
        "object_id": "36",
        "object_repr": "МОН ТЕСТ",
        "action_flag": 3,
        "change_message": ""
    }
},
{
    "model": "admin.logentry",
    "pk": 87,
    "fields": {
        "action_time": "2025-08-17T20:59:15.176Z",
        "user": 1,
        "content_type": 8,
        "object_id": "36",
        "object_repr": "МОН ТЕСТ",
        "action_flag": 3,
        "change_message": ""
    }
},
{
    "model": "admin.logentry",
    "pk": 88,
    "fields": {
        "action_time": "2025-08-18T14:53:21.435Z",
        "user": 1,
        "content_type": 8,
        "object_id": "38",
        "object_repr": "TEST MONIK",
        "action_flag": 3,
        "change_message": ""
    }
},
{
    "model": "admin.logentry",
    "pk": 89,
    "fields": {
        "action_time": "2025-08-18T14:53:21.435Z",
        "user": 1,
        "content_type": 8,
        "object_id": "37",
        "object_repr": "TEST MONIK",
        "action_flag": 3,
        "change_message": ""
    }
},
{
    "model": "admin.logentry",
    "pk": 90,
    "fields": {
        "action_time": "2025-08-18T16:08:57.549Z",
        "user": 1,
        "content_type": 8,
        "object_id": "39",
        "object_repr": "MON TEST",
        "action_flag": 3,
        "change_message": ""
    }
},
{
    "model": "admin.logentry",
    "pk": 91,
    "fields": {
        "action_time": "2025-08-18T16:44:32.992Z",
        "user": 1,
        "content_type": 8,
        "object_id": "40",
        "object_repr": "MON T",
        "action_flag": 3,
        "change_message": ""
    }
},
{
    "model": "admin.logentry",
    "pk": 92,
    "fields": {
        "action_time": "2025-08-18T16:45:00.532Z",
        "user": 1,
        "content_type": 8,
        "object_id": "40",
        "object_repr": "MON T",
        "action_flag": 3,
        "change_message": ""
    }
},
{
    "model": "admin.logentry",
    "pk": 93,
    "fields": {
        "action_time": "2025-08-18T16:45:13.550Z",
        "user": 1,
        "content_type": 8,
        "object_id": "40",
        "object_repr": "MON T",
        "action_flag": 3,
        "change_message": ""
    }
},
{
    "model": "admin.logentry",
    "pk": 94,
    "fields": {
        "action_time": "2025-08-18T17:06:16.572Z",
        "user": 1,
        "content_type": 14,
        "object_id": "14",
        "object_repr": "GPS-трекеры",
        "action_flag": 2,
        "change_message": "[{\"changed\": {\"fields\": [\"\\u041d\\u0430\\u0437\\u0432\\u0430\\u043d\\u0438\\u0435 \\u043a\\u0430\\u0442\\u0435\\u0433\\u043e\\u0440\\u0438\\u0438\"]}}]"
    }
},
{
    "model": "admin.logentry",
    "pk": 95,
    "fields": {
        "action_time": "2025-08-19T15:31:24.672Z",
        "user": 1,
        "content_type": 8,
        "object_id": "41",
        "object_repr": "Monitor for TEST",
        "action_flag": 3,
        "change_message": ""
    }
},
{
    "model": "admin.logentry",
    "pk": 96,
    "fields": {
        "action_time": "2025-08-19T15:33:24.849Z",
        "user": 1,
        "content_type": 8,
        "object_id": "41",
        "object_repr": "Monitor for TEST",
        "action_flag": 3,
        "change_message": ""
    }
},
{
    "model": "admin.logentry",
    "pk": 97,
    "fields": {
        "action_time": "2025-08-19T15:39:41.779Z",
        "user": 1,
        "content_type": 8,
        "object_id": "42",
        "object_repr": "TESTED MON",
        "action_flag": 3,
        "change_message": ""
    }
},
{
    "model": "admin.logentry",
    "pk": 98,
    "fields": {
        "action_time": "2025-08-19T15:41:28.694Z",
        "user": 1,
        "content_type": 9,
        "object_id": "38",
        "object_repr": "Монитор JBEE 27.jpg",
        "action_flag": 3,
        "change_message": ""
    }
},
{
    "model": "admin.logentry",
    "pk": 99,
    "fields": {
        "action_time": "2025-08-19T15:42:34.149Z",
        "user": 1,
        "content_type": 8,
        "object_id": "43",
        "object_repr": "fvad",
        "action_flag": 2,
        "change_message": "[{\"added\": {\"name\": \"\\u0418\\u0437\\u043e\\u0431\\u0440\\u0430\\u0436\\u0435\\u043d\\u0438\\u0435 \\u0442\\u043e\\u0432\\u0430\\u0440\\u0430\", \"object\": \"\\u041c\\u0438\\u043a\\u0440\\u043e\\u0441\\u043a\\u043e\\u043f Dewang CSW02.jpg\"}}]"
    }
},
{
    "model": "admin.logentry",
    "pk": 100,
    "fields": {
        "action_time": "2025-08-19T15:43:07.905Z",
        "user": 1,
        "content_type": 9,
        "object_id": "39",
        "object_repr": "Микроскоп Dewang CSW02.jpg",
        "action_flag": 3,
        "change_message": ""
    }
},
{
    "model": "admin.logentry",
    "pk": 101,
    "fields": {
        "action_time": "2025-08-19T15:48:06.290Z",
        "user": 1,
        "content_type": 8,
        "object_id": "43",
        "object_repr": "fvad",
        "action_flag": 2,
        "change_message": "[{\"added\": {\"name\": \"\\u0418\\u0437\\u043e\\u0431\\u0440\\u0430\\u0436\\u0435\\u043d\\u0438\\u0435 \\u0442\\u043e\\u0432\\u0430\\u0440\\u0430\", \"object\": \"\\u0418\\u0433\\u0440\\u043e\\u0432\\u043e\\u0439 \\u043d\\u043e\\u0443\\u0442\\u0431\\u0443\\u043a UOHUO Gaming.jpg\"}}]"
    }
},
{
    "model": "admin.logentry",
    "pk": 102,
    "fields": {
        "action_time": "2025-08-19T15:50:22.923Z",
        "user": 1,
        "content_type": 9,
        "object_id": "40",
        "object_repr": "Игровой ноутбук UOHUO Gaming.jpg",
        "action_flag": 3,
        "change_message": ""
    }
},
{
    "model": "admin.logentry",
    "pk": 103,
    "fields": {
        "action_time": "2025-08-19T16:05:45.383Z",
        "user": 1,
        "content_type": 19,
        "object_id": "31",
        "object_repr": "avatar5.png",
        "action_flag": 2,
        "change_message": "[{\"changed\": {\"fields\": [\"\\u0418\\u0441\\u0442\\u043e\\u0447\\u043d\\u0438\\u043a \\u0438\\u0437\\u043e\\u0431\\u0440\\u0430\\u0436\\u0435\\u043d\\u0438\\u044f\"]}}]"
    }
},
{
    "model": "admin.logentry",
    "pk": 104,
    "fields": {
        "action_time": "2025-08-20T21:39:24.761Z",
        "user": 1,
        "content_type": 8,
        "object_id": "43",
        "object_repr": "fvad",
        "action_flag": 3,
        "change_message": ""
    }
},
{
    "model": "auth.group",
    "pk": 1,
    "fields": {
        "name": "seller_assistants",
        "permissions": [
            13,
            14,
            16,
            61,
            62,
            63,
            64,
            65,
            66,
            67,
            68,
            53,
            54,
            55,
            56,
            49,
            50,
            51,
            52,
            89,
            90,
            91,
            92,
            77,
            78,
            79,
            80,
            85,
            86,
            87,
            88,
            81,
            82,
            83,
            84,
            29,
            30,
            31,
            32,
            33,
            34,
            35,
            36,
            41,
            42,
            43,
            44,
            37,
            38,
            39,
            40,
            45,
            46,
            47,
            48,
            25,
            26,
            27,
            28,
            73,
            74,
            75,
            76,
            69,
            70,
            71,
            72,
            57,
            58,
            59,
            60
        ]
    }
},
{
    "model": "auth.group",
    "pk": 2,
    "fields": {
        "name": "admins",
        "permissions": [
            1,
            2,
            3,
            4,
            9,
            10,
            11,
            12,
            5,
            6,
            7,
            8,
            13,
            14,
            15,
            16,
            61,
            62,
            63,
            64,
            65,
            66,
            67,
            68,
            53,
            54,
            55,
            56,
            49,
            50,
            51,
            52,
            17,
            18,
            19,
            20,
            89,
            90,
            91,
            92,
            77,
            78,
            79,
            80,
            85,
            86,
            87,
            88,
            81,
            82,
            83,
            84,
            29,
            30,
            31,
            32,
            33,
            34,
            35,
            36,
            41,
            42,
            43,
            44,
            37,
            38,
            39,
            40,
            45,
            46,
            47,
            48,
            25,
            26,
            27,
            28,
            73,
            74,
            75,
            76,
            69,
            70,
            71,
            72,
            21,
            22,
            23,
            24,
            57,
            58,
            59,
            60
        ]
    }
},
{
    "model": "auth.group",
    "pk": 3,
    "fields": {
        "name": "buyers",
        "permissions": [
            80,
            44,
            74,
            70,
            72
        ]
    }
},
{
    "model": "auth.user",
    "pk": 1,
    "fields": {
        "password": "pbkdf2_sha256$870000$P6mwGtpzKJdNtfaSKyM9GD$R4xCw0Fc/EZ+K8QSmjWX8dU7+imngloPJN5QndcNIGA=",
        "last_login": "2025-08-17T14:19:56.476Z",
        "is_superuser": true,
        "username": "admin",
        "first_name": "John",
        "last_name": "Conor",
        "email": "admin@gmail.com",
        "is_staff": true,
        "is_active": true,
        "date_joined": "2025-03-19T16:00:51Z",
        "groups": [
            2
        ],
        "user_permissions": []
    }
},
{
    "model": "auth.user",
    "pk": 5,
    "fields": {
        "password": "pbkdf2_sha256$870000$yaNJCW7lCOZCVr8QRSo1XE$QVkFbxm9SpR29rYFe5Di3Jw61SLRZAc2LLzM6U7tsR0=",
        "last_login": "2025-08-16T16:42:17.809Z",
        "is_superuser": false,
        "username": "mat",
        "first_name": "Matteu",
        "last_name": "Dawson",
        "email": "mat@example.com",
        "is_staff": true,
        "is_active": true,
        "date_joined": "2025-03-20T01:13:14Z",
        "groups": [
            1
        ],
        "user_permissions": []
    }
},
{
    "model": "auth.user",
    "pk": 6,
    "fields": {
        "password": "pbkdf2_sha256$870000$UmQo7t4CEvBbZrv584dKvY$slZiLA0n9RSMZNTvguqsG01H0o63GU+et8m1j2RNw98=",
        "last_login": "2025-08-16T20:13:50.260Z",
        "is_superuser": false,
        "username": "bob",
        "first_name": "Bob",
        "last_name": "Sendler",
        "email": "bob@rambler.com",
        "is_staff": true,
        "is_active": true,
        "date_joined": "2025-03-20T01:19:06Z",
        "groups": [
            3
        ],
        "user_permissions": []
    }
},
{
    "model": "auth.user",
    "pk": 7,
    "fields": {
        "password": "pbkdf2_sha256$870000$ZnMpgxxITIrYKkOHl64cGZ$sQRzokuo2TdvKEQznzKBwJvUOtfdy3H8AtSN8xrLp1c=",
        "last_login": "2025-06-12T14:44:26Z",
        "is_superuser": false,
        "username": "nick",
        "first_name": "Nick",
        "last_name": "Groover",
        "email": "nick@email.com",
        "is_staff": false,
        "is_active": false,
        "date_joined": "2025-03-20T01:19:26Z",
        "groups": [
            3
        ],
        "user_permissions": []
    }
},
{
    "model": "auth.user",
    "pk": 9,
    "fields": {
        "password": "pbkdf2_sha256$870000$H0zwsxxhW84N1XvHXX1sYs$kaBSkIOElQF5n1asS03X939enx6ZtNpLYt9cUkhOH0A=",
        "last_login": "2025-08-09T22:27:30Z",
        "is_superuser": false,
        "username": "daniel",
        "first_name": "Daniel",
        "last_name": "Craig",
        "email": "dan2.mail@mail.com",
        "is_staff": false,
        "is_active": true,
        "date_joined": "2025-06-12T14:50:54Z",
        "groups": [
            3
        ],
        "user_permissions": []
    }
},
{
    "model": "sessions.session",
    "pk": "1m4rujp5d7ype2cnay8y504ri5wefwxv",
    "fields": {
        "session_data": "e30:1umdMk:tVDkhZL7t6iomJ5IxihVQ3gl9xCn8ibGraPzt776K2U",
        "expire_date": "2025-08-28T19:11:58.822Z"
    }
},
{
    "model": "sessions.session",
    "pk": "2zx1j2hqg345ohy49z0e3n2vtk9p5iz9",
    "fields": {
        "session_data": "e30:1ul9ue:RLKWghxampFwAHVeYQqCPfAeedpORzIy_uFTdZMlEVA",
        "expire_date": "2025-08-24T17:32:52.515Z"
    }
},
{
    "model": "sessions.session",
    "pk": "354i8jnzwe3lrx1ky5d00dwcw0v9513u",
    "fields": {
        "session_data": ".eJxVjMsOwiAQRf-FtSEwpTxcuvcbyEwHpGogKe3K-O_apAvd3nPOfYmI21ri1tMSZxZnocXpdyOcHqnugO9Yb01Ora7LTHJX5EG7vDZOz8vh_h0U7OVb-zTSaDOSCROSBmCXAxgcEmidMSMHl5VGjwyWwLMirbx1QdFggvHi_QH-Pzf4:1uDOQ5:i1IsUNq4V2fp_9H73UP-HjzJeonOqKOf2-zNOAuE-zY",
        "expire_date": "2025-05-23T14:09:45.656Z"
    }
},
{
    "model": "sessions.session",
    "pk": "8b81fkfowexigzbsk6w6dq7ozousbfbd",
    "fields": {
        "session_data": ".eJxVjDsOwjAQBe_iGlmO7XVkSnrOEO3PJIBiKU4qxN0hUgpo38y8lxlwW8dha7oMk5iz6czpdyPkh847kDvOt2q5zusykd0Ve9Bmr1X0eTncv4MR2_iti4ASFQVOObjiSyfRFU2Y-yA5RmCPvYLTLmQVkKQY2TP4xI4UyLw_EPs48Q:1ulq7e:5Et_M4ujSgaMB-ggN2OzeJc-I57JtppRYm3sAkMpqKU",
        "expire_date": "2025-08-26T14:37:06.417Z"
    }
},
{
    "model": "sessions.session",
    "pk": "8c8bqcidfb40f2peps0oxc4fsfo6hewn",
    "fields": {
        "session_data": ".eJxVjMsOwiAQRf-FtSEwpTxcuvcbyEwHpGogKe3K-O_apAvd3nPOfYmI21ri1tMSZxZnocXpdyOcHqnugO9Yb01Ora7LTHJX5EG7vDZOz8vh_h0U7OVb-zTSaDOSCROSBmCXAxgcEmidMSMHl5VGjwyWwLMirbx1QdFggvHi_QH-Pzf4:1uRaOz:R9wXSXh5mxZOdErGZBic8TkmmGLHqH8QOvJqdwi74OI",
        "expire_date": "2025-07-01T17:47:17.014Z"
    }
},
{
    "model": "sessions.session",
    "pk": "a2i49mso2cp1qjaz8b3y9ygdeh6aka1b",
    "fields": {
        "session_data": ".eJxVjMsOwiAQRf-FtSEwpTxcuvcbyEwHpGogKe3K-O_apAvd3nPOfYmI21ri1tMSZxZnocXpdyOcHqnugO9Yb01Ora7LTHJX5EG7vDZOz8vh_h0U7OVb-zTSaDOSCROSBmCXAxgcEmidMSMHl5VGjwyWwLMirbx1QdFggvHi_QH-Pzf4:1uLlHR:jwQmlNbizSluYHufRPWxdiAnpnTd8cbjy6WZ90uz_Ks",
        "expire_date": "2025-06-15T16:11:25.815Z"
    }
},
{
    "model": "sessions.session",
    "pk": "d98j27i3l9iz6m9ls8bqtb8bbfix4bf9",
    "fields": {
        "session_data": ".eJxVjMsOwiAQRf-FtSEwpTxcuvcbyEwHpGogKe3K-O_apAvd3nPOfYmI21ri1tMSZxZnocXpdyOcHqnugO9Yb01Ora7LTHJX5EG7vDZOz8vh_h0U7OVb-zTSaDOSCROSBmCXAxgcEmidMSMHl5VGjwyWwLMirbx1QdFggvHi_QH-Pzf4:1uIWfY:OXSGulj_gmIS85SPlfCLn6W_rFPB9hu110CoZxtu_NM",
        "expire_date": "2025-06-06T17:58:56.475Z"
    }
},
{
    "model": "sessions.session",
    "pk": "gg7e1eshreu1nrfqb0za8er35v01rnmr",
    "fields": {
        "session_data": "e30:1uoqMy:xUMnEJkAzJ77szkatld8Xv1Iw0JlmnEJRjWwgZhEfAc",
        "expire_date": "2025-09-03T21:29:20.059Z"
    }
},
{
    "model": "sessions.session",
    "pk": "j7xron8t7nrjrmu78uxiewzwvt37wofd",
    "fields": {
        "session_data": "e30:1uhXBa:Fp4DE4sxcYidG71Yjstrow4TAzSkSymLmg8Sb8c5cQs",
        "expire_date": "2025-08-14T17:35:22.783Z"
    }
},
{
    "model": "sessions.session",
    "pk": "jexjnwtaohbyi7iahu3a7i10qmcv237a",
    "fields": {
        "session_data": "e30:1uJEM2:TMPjmmlOfocxuDuSKvbeyy8bf_btx3VuVcQ1WFvblRg",
        "expire_date": "2025-06-08T16:37:42.878Z"
    }
},
{
    "model": "sessions.session",
    "pk": "ku7bv7avn1ewf902vxrxdp1uciv3vqqk",
    "fields": {
        "session_data": ".eJxVjMsOwiAQRf-FtSEwpTxcuvcbyEwHpGogKe3K-O_apAvd3nPOfYmI21ri1tMSZxZnocXpdyOcHqnugO9Yb01Ora7LTHJX5EG7vDZOz8vh_h0U7OVb-zTSaDOSCROSBmCXAxgcEmidMSMHl5VGjwyWwLMirbx1QdFggvHi_QH-Pzf4:1uCGyc:HnJTcFLH-KSJX4hcVBuXP_W5z1aLB_s-slBQHB0aswA",
        "expire_date": "2025-05-20T12:00:46.281Z"
    }
},
{
    "model": "sessions.session",
    "pk": "pm27canneg33ee9p47h3kb3cclmbinql",
    "fields": {
        "session_data": ".eJxVjDsOwjAQBe_iGlmO7XVkSnrOEO3PJIBiKU4qxN0hUgpo38y8lxlwW8dha7oMk5iz6czpdyPkh847kDvOt2q5zusykd0Ve9Bmr1X0eTncv4MR2_iti4ASFQVOObjiSyfRFU2Y-yA5RmCPvYLTLmQVkKQY2TP4xI4UyLw_EPs48Q:1uneEm:wVRQf9X3VnttIMCBO1jRXE_ExiTOGYlvj5YOQujJOpE",
        "expire_date": "2025-08-31T14:19:56.481Z"
    }
},
{
    "model": "sessions.session",
    "pk": "pt9wtvierfxt1im6ckt53b879z40yxx6",
    "fields": {
        "session_data": ".eJxVjMsOwiAQRf-FtSEwpTxcuvcbyEwHpGogKe3K-O_apAvd3nPOfYmI21ri1tMSZxZnocXpdyOcHqnugO9Yb01Ora7LTHJX5EG7vDZOz8vh_h0U7OVb-zTSaDOSCROSBmCXAxgcEmidMSMHl5VGjwyWwLMirbx1QdFggvHi_QH-Pzf4:1uDOUz:eM1FqDTrfCGRq9fneo-qlJlvKQEkX_4ps3vWw3u-LTc",
        "expire_date": "2025-05-23T14:14:49.557Z"
    }
},
{
    "model": "sessions.session",
    "pk": "ylxf5wkrf9fx8nv53eajeu5vqh85r9k4",
    "fields": {
        "session_data": ".eJxVjMsOwiAQRf-FtSEwpTxcuvcbyEwHpGogKe3K-O_apAvd3nPOfYmI21ri1tMSZxZnocXpdyOcHqnugO9Yb01Ora7LTHJX5EG7vDZOz8vh_h0U7OVb-zTSaDOSCROSBmCXAxgcEmidMSMHl5VGjwyWwLMirbx1QdFggvHi_QH-Pzf4:1uAVmS:6rZkhfkFkUbwgCCwldenU5aQCdeN2ryigm48LBQtY5k",
        "expire_date": "2025-05-15T15:24:56.825Z"
    }
},
{
    "model": "catalog_app.categoryimage",
    "pk": 1,
    "fields": {
        "src": "category/images/copters-and-accesories.jpg",
        "alt": "copters-and-accesories.jpg"
    }
},
{
    "model": "catalog_app.categoryimage",
    "pk": 2,
    "fields": {
        "src": "category/images/accesories-for-copters.jpg",
        "alt": "accesories-for-copters.jpg"
    }
},
{
    "model": "catalog_app.categoryimage",
    "pk": 5,
    "fields": {
        "src": "category/images/audio-speakers.jpg",
        "alt": "audio-speakers.jpg"
    }
},
{
    "model": "catalog_app.categoryimage",
    "pk": 6,
    "fields": {
        "src": "category/images/avto-navigators.jpg",
        "alt": "avto-navigators.jpg"
    }
},
{
    "model": "catalog_app.categoryimage",
    "pk": 9,
    "fields": {
        "src": "category/images/copters.jpg",
        "alt": "copters.jpg"
    }
},
{
    "model": "catalog_app.categoryimage",
    "pk": 10,
    "fields": {
        "src": "category/images/game-pads-and-notebooks.jpg",
        "alt": "game-pads-and-notebooks.jpg"
    }
},
{
    "model": "catalog_app.categoryimage",
    "pk": 11,
    "fields": {
        "src": "category/images/game-pads.jpg",
        "alt": "game-pads.jpg"
    }
},
{
    "model": "catalog_app.categoryimage",
    "pk": 12,
    "fields": {
        "src": "category/images/gps-trackers.jpg",
        "alt": "gps-trackers.jpg"
    }
},
{
    "model": "catalog_app.categoryimage",
    "pk": 13,
    "fields": {
        "src": "category/images/microscops.jpg",
        "alt": "microscops.jpg"
    }
},
{
    "model": "catalog_app.categoryimage",
    "pk": 15,
    "fields": {
        "src": "category/images/navigators.jpg",
        "alt": "navigators.jpg"
    }
},
{
    "model": "catalog_app.categoryimage",
    "pk": 16,
    "fields": {
        "src": "category/images/notebooks.jpg",
        "alt": "notebooks.jpg"
    }
},
{
    "model": "catalog_app.categoryimage",
    "pk": 17,
    "fields": {
        "src": "category/images/opticals-means.jpg",
        "alt": "opticals-means.jpg"
    }
},
{
    "model": "catalog_app.categoryimage",
    "pk": 18,
    "fields": {
        "src": "category/images/pc-and-accesories.jpg",
        "alt": "pc-and-accesories.jpg"
    }
},
{
    "model": "catalog_app.categoryimage",
    "pk": 19,
    "fields": {
        "src": "category/images/pc-system-blocks.jpg",
        "alt": "pc-system-blocks.jpg"
    }
},
{
    "model": "catalog_app.categoryimage",
    "pk": 20,
    "fields": {
        "src": "category/images/phones-and-audio-means.jpg",
        "alt": "phones-and-audio-means.jpg"
    }
},
{
    "model": "catalog_app.categoryimage",
    "pk": 21,
    "fields": {
        "src": "category/images/phones.jpg",
        "alt": "phones.jpg"
    }
},
{
    "model": "catalog_app.categoryimage",
    "pk": 22,
    "fields": {
        "src": "category/images/telescops.jpg",
        "alt": "telescops.jpg"
    }
},
{
    "model": "catalog_app.categoryimage",
    "pk": 23,
    "fields": {
        "src": "category/images/television-and-video-means.jpg",
        "alt": "television-and-video-means.jpg"
    }
},
{
    "model": "catalog_app.categoryimage",
    "pk": 24,
    "fields": {
        "src": "category/images/tv-media-pads.jpg",
        "alt": "tv-media-pads.jpg"
    }
},
{
    "model": "catalog_app.categoryimage",
    "pk": 25,
    "fields": {
        "src": "category/images/TVs.jpg",
        "alt": "TVs.jpg"
    }
},
{
    "model": "catalog_app.categoryimage",
    "pk": 26,
    "fields": {
        "src": "category/images/monitors.png",
        "alt": "monitors.png"
    }
},
{
    "model": "catalog_app.category",
    "pk": 1,
    "fields": {
        "title": "Квадрокоптеры и аксессуары",
        "image": 1,
        "parent": null,
        "favorite": false,
        "available": true
    }
},
{
    "model": "catalog_app.category",
    "pk": 2,
    "fields": {
        "title": "Квадрокоптеры",
        "image": 9,
        "parent": 1,
        "favorite": false,
        "available": true
    }
},
{
    "model": "catalog_app.category",
    "pk": 3,
    "fields": {
        "title": "Запчасти для коптеров",
        "image": 2,
        "parent": 1,
        "favorite": false,
        "available": true
    }
},
{
    "model": "catalog_app.category",
    "pk": 4,
    "fields": {
        "title": "Оптические приборы",
        "image": 17,
        "parent": null,
        "favorite": false,
        "available": true
    }
},
{
    "model": "catalog_app.category",
    "pk": 5,
    "fields": {
        "title": "Телескопы",
        "image": 22,
        "parent": 4,
        "favorite": false,
        "available": true
    }
},
{
    "model": "catalog_app.category",
    "pk": 6,
    "fields": {
        "title": "Микроскопы",
        "image": 13,
        "parent": 4,
        "favorite": false,
        "available": true
    }
},
{
    "model": "catalog_app.category",
    "pk": 7,
    "fields": {
        "title": "Наушники и аудиотехника",
        "image": 20,
        "parent": null,
        "favorite": false,
        "available": true
    }
},
{
    "model": "catalog_app.category",
    "pk": 8,
    "fields": {
        "title": "Наушники",
        "image": 21,
        "parent": 7,
        "favorite": true,
        "available": true
    }
},
{
    "model": "catalog_app.category",
    "pk": 9,
    "fields": {
        "title": "Беспроводные колонки",
        "image": 5,
        "parent": 7,
        "favorite": false,
        "available": true
    }
},
{
    "model": "catalog_app.category",
    "pk": 10,
    "fields": {
        "title": "Компьютеры и периферия",
        "image": 18,
        "parent": null,
        "favorite": false,
        "available": true
    }
},
{
    "model": "catalog_app.category",
    "pk": 11,
    "fields": {
        "title": "Мониторы",
        "image": 26,
        "parent": 10,
        "favorite": false,
        "available": true
    }
},
{
    "model": "catalog_app.category",
    "pk": 12,
    "fields": {
        "title": "Системные блоки",
        "image": 19,
        "parent": 10,
        "favorite": false,
        "available": true
    }
},
{
    "model": "catalog_app.category",
    "pk": 13,
    "fields": {
        "title": "Навигаторы",
        "image": 15,
        "parent": null,
        "favorite": false,
        "available": true
    }
},
{
    "model": "catalog_app.category",
    "pk": 14,
    "fields": {
        "title": "GPS-трекеры",
        "image": 12,
        "parent": 13,
        "favorite": false,
        "available": true
    }
},
{
    "model": "catalog_app.category",
    "pk": 15,
    "fields": {
        "title": "Автомобильные навигаторы",
        "image": 6,
        "parent": 13,
        "favorite": false,
        "available": true
    }
},
{
    "model": "catalog_app.category",
    "pk": 16,
    "fields": {
        "title": "Игровые приставки и ноутбуки",
        "image": 10,
        "parent": null,
        "favorite": false,
        "available": true
    }
},
{
    "model": "catalog_app.category",
    "pk": 17,
    "fields": {
        "title": "Игровые приставки",
        "image": 11,
        "parent": 16,
        "favorite": true,
        "available": true
    }
},
{
    "model": "catalog_app.category",
    "pk": 18,
    "fields": {
        "title": "Игровые ноутбуки",
        "image": 16,
        "parent": 16,
        "favorite": true,
        "available": true
    }
},
{
    "model": "catalog_app.category",
    "pk": 19,
    "fields": {
        "title": "Телевизоры и видеотехника",
        "image": 23,
        "parent": null,
        "favorite": false,
        "available": true
    }
},
{
    "model": "catalog_app.category",
    "pk": 20,
    "fields": {
        "title": "Телевизоры",
        "image": 25,
        "parent": 19,
        "favorite": false,
        "available": true
    }
},
{
    "model": "catalog_app.category",
    "pk": 21,
    "fields": {
        "title": "ТВ-приставки и медиаплееры",
        "image": 24,
        "parent": 19,
        "favorite": false,
        "available": true
    }
},
{
    "model": "products_app.product",
    "pk": 1,
    "fields": {
        "category": 18,
        "price": "47100.00",
        "count": 4,
        "date": "2025-03-31T18:23:06.760Z",
        "title": "Ноутбук ASUS Asus ROG G16 i7",
        "description": "ASUS Asus_ROG_G16_i7 Игровой ноутбук 16\", Intel Core i7-13620H, RAM 16 ГБ, SSD 512 ГБ, NVIDIA GeForce RTX 4070 для ноутбуков (8 Гб), Windows Home, (GU603VI-G16.I74070), темно-серый, Английская раскладка",
        "fullDescription": "ASUS ROG Zephyrus G16 — это идеальное решение для геймеров и профессионалов. \r\n\r\nЭтот ультратонкий игровой ноутбук оснащен мощным процессором Intel Core i7 13-го поколения, видеокартой NVIDIA GeForce RTX 4070 и 16-дюймовым дисплеем с частотой обновления 165 Гц.\r\n\r\nУстройство весит всего 2 кг и имеет аккумулятор на 90 Вт·ч, обеспечивая длительное время работы без подзарядки. Матовое покрытие экрана и антибликовая технология делают работу комфортной при любом освещении. Высококачественное охлаждение с использованием жидкого металла позволяет ноутбуку оставаться производительным даже под высокой нагрузкой.\r\n\r\nПоддержка технологий Dolby Vision, G-Sync и Thunderbolt 4 позволяет насладиться играми и мультимедиа на максимуме возможностей. \r\n\r\nASUS ROG Zephyrus G16 — это стиль, портативность и мощь в одном корпусе.",
        "freeDelivery": false,
        "limited": true,
        "available": true
    }
},
{
    "model": "products_app.product",
    "pk": 2,
    "fields": {
        "category": 18,
        "price": "42747.00",
        "count": 12,
        "date": "2025-03-31T18:39:00.821Z",
        "title": "Ноутбук ASUS FA506NF-HN060",
        "description": "ASUS FA506NF-HN060 Игровой ноутбук 15.6\", AMD Ryzen 5 7535HS, RAM 16 ГБ, SSD 512 ГБ, NVIDIA GeForce RTX 2050 (4 Гб), Без системы, (90NR0JE7-M00550), черный, Русская раскладка",
        "fullDescription": "Игровой ноутбук Asus TUF Gaming FA506NF-HN060 Ryzen 5 7535HS с высокой производительностью и стильным дизайном!\r\n\r\nAsus TUF Gaming — это не только мощный ноутбук, но и надежная рабочая машина. Корпус из пластика и алюминия делает его прочным и долговечным. Клавиатура с подсветкой и настраиваемыми клавишами позволяет удобно работать даже в темноте.\r\n\r\nНоутбук оснащен всеми необходимыми портами, включая USB, HDMI, Ethernet и другие, чтобы обеспечить подключение к различным устройствам и сетям. Фронтальная камера с микрофоном позволяет проводить видеоконференции и общаться с друзьями и коллегами.\r\n\r\nБлагодаря высокой производительности и графической мощности, Asus TUF Gaming подходит для игр, работы с графикой, видеомонтажа, проектирования и других задач. Он также может использоваться для обучения и развлечений.\r\n\r\nПриобретая этот ноутбук, вы получаете надежное устройство с гарантией качества. Asus TUF Gaming станет вашим верным помощником в работе и развлечениях.",
        "freeDelivery": false,
        "limited": true,
        "available": true
    }
},
{
    "model": "products_app.product",
    "pk": 3,
    "fields": {
        "category": 18,
        "price": "45754.00",
        "count": 20,
        "date": "2025-03-31T18:46:35.590Z",
        "title": "Ноутбук UOHUO Gaming",
        "description": "Игровой ноутбук UOHUO Gaming  15.6\", AMD Ryzen 7 5825U, RAM 32 ГБ, SSD 1024 ГБ, AMD Radeon Graphics, Windows Pro,",
        "fullDescription": "Игровой ноутбук UOHUO Gaming – это мощное решение для геймеров, а также идеальный инструмент для работы и учебы. С диагональю экрана 15.6 дюймов вы сможете наслаждаться яркими и детализированными изображениями, что делает его универсальным помощником в любом деле. Оснащённый процессором AMD Ryzen 7 5825U, он обеспечивает отличную производительность для любых задач, от работы с графикой до комфортной игры в требовательные проекты.\r\n\r\nС оперативной памятью 32 ГБ вы можете быть уверены в плавном многозадачном режиме, что позволяет запускать несколько приложений одновременно без потери скорости. Высокоскоростной SSD объёмом 1024 ГБ обеспечивает моментальный запуск операционной системы и приложений, а также достаточно места для хранения всех ваших файлов, игр и мультимедиа.\r\n\r\nГрафическая производительность ноутбука поддерживается видеокартой AMD Radeon Graphics, что гарантирует качественную картинку и плавные анимации даже в самых требовательных играх. Ноутбук также работает на операционной системе Windows Pro, которая предоставляет все необходимые инструменты для продуктивной работы и учёбы.\r\n\r\nЭлегантный корпус в цвете серый металлик делает UOHUO Gaming стильным и современным. Русская раскладка клавиатуры приятно дополнит использование как в домашних, так и в офисных условиях. Этот ноутбук – идеальный выбор для тех, кто ценит производительность, стиль и универсальность в одном устройстве.",
        "freeDelivery": false,
        "limited": false,
        "available": true
    }
},
{
    "model": "products_app.product",
    "pk": 4,
    "fields": {
        "category": 14,
        "price": "1620.00",
        "count": 200,
        "date": "2025-03-31T19:03:50.718Z",
        "title": "Смарт-трекер Ugreen CM520",
        "description": "Смарт-трекер Ugreen CM520 с поддержкой Bluetooth и GPS только для IOS. Смарт трекер для Apple. AirTag. Bluetooth метка",
        "fullDescription": "Принцип работы устройства заключается в том, что оно отслеживает местоположение с помощью GPS и передает данные через сотовую сеть. Bluetooth, как правило, используется для более близкого соединения и настройки устройства с мобильным телефоном, однако важно заметить, что Bluetooth не заменяет GPS и работает на более короткие расстояния. GPS и Bluetooth в этом устройстве не работают отдельно — они дополняют друг друга для повышения точности и удобства использования.\r\n\r\n✅ Преимущества Смарт-трекера Ugreen CM520\r\n\r\nОдним из основных преимуществ смарт-трекера Ugreen CM520 является его универсальность. Это хороший выбор для тех, кто ищет GPS трекер для автомобиля, детей или других объектов. Он обладает точным GPS, который обеспечивает стабильную работу даже в сложных условиях. Также стоит отметить длительное время работы устройства от аккумулятора, что делает его удобным для длительного отслеживания.\r\n\r\nВ отличие от других смарт-трекеров, Ugreen CM520 может работать с мобильным приложением, которое позволяет пользователю отслеживать местоположение в реальном времени, устанавливать геозоны и получать уведомления.\r\n\r\nВремя работы устройства и скорость передачи данных — это важные аспекты, которые выделяют эту модель среди конкурентов.\r\n\r\n✅ Для каких устройств и предметов подходит смарт-трекер Ugreen CM520 Смарт-трекер Ugreen CM520 подойдет для отслеживания различных объектов. Он часто используется как gps трекер для автомобиля, обеспечивая владельцам полную информацию о местоположении их транспортных средств. Также устройство идеально подходит для трекера gps для детей, позволяя родителям всегда быть уверенными в безопасности своих детей.\r\n\r\nКроме того, Ugreen CM520 можно использовать для отслеживания домашних животных, велосипедов, чемоданов, а также любых других предметов, которые могут быть в зоне риска потери. Благодаря компактным размерам и надежной технологии, этот трекер можно прикрепить к любому объекту и использовать без ограничений.\r\n\r\n✅ Чем лучше других смарт-трекеров модель Ugreen CM520\r\n\r\nСмарт-трекер Ugreen CM520 выделяется среди других моделей на рынке благодаря сочетанию нескольких важных характеристик. Он предлагает стабильную работу GPS и Bluetooth, точность в отслеживании, а также простоту использования через мобильное приложение. В отличие от многих моделей, этот трекер также имеет хорошее время автономной работы, что делает его удобным для длительного отслеживания.\r\n\r\nУстройство также имеет функциональность, которая делает его удобным для пользователей, предпочитающих контроль в реальном времени и возможность получения уведомлений о перемещении объекта. Все эти особенности делают Ugreen CM520 идеальным выбором для различных нужд, таких как gps трекер для детей и gps трекер для автомобиля.",
        "freeDelivery": false,
        "limited": false,
        "available": true
    }
},
{
    "model": "products_app.product",
    "pk": 5,
    "fields": {
        "category": 14,
        "price": "3403.00",
        "count": 250,
        "date": "2025-03-31T19:08:48.037Z",
        "title": "Маяк АвтоОко24 BEACON",
        "description": "Маяк АвтоОко24 BEACON – это портативное автономное спутниковое устройство, предназначено для определения точного местоположения объекта. Передача владельцу координат объекта осуществляется по протоколу GPRS.",
        "fullDescription": "Маяк АвтоОко24 BEACON может быть использован в следующих целях :\r\nОпределение местоположения транспортных средств.\r\nЗащита от угона и обнаружение угнанных транспортных средств..\r\nМониторинг передвижения посылок, грузов и их поиск в случае утери..\r\nКонтроль личного багажа..\r\nКонтроль за животными..\r\nОбеспечение сохранности автоматов самообслуживания, мобильных витрин, электрогенераторов.\r\nРазмещается на объекте мониторинга (например, в автомобиле), не требует подключения к бортовой сети объекта. В случае угона или контроля, маяк дает возможность определить точное местоположение объекта Для определения местоположения использует навигационную систему GPS/GLONASS, в случаях, когда объект попадает в зону отсутствия GPS сигнала (подземный паркинг, гаражный бокс) местоположение определится при помощи технологии LBS позиционирования. Устройство использует стандартный типоразмер батареек - АА (пальчиковые). Пользователю доступны три режима:\r\nИнтервальный - выходит на связь строго по заданному интервалу (например: раз в сутки/каждый час);\r\nАктивный - передает события срабатывания датчика движения (например: при начале и/или завершении движения);\r\nОнлайн - работает по принципу трекера: отработка траектории по углу, скорости, расстоянию, времени (грубый трек).\r\nДля более легкого и быстрого способа подключения оборудования к сотовой связи к оборудованию прилагается бесплатная SIM-карта Российского сотового оператора Мегафон. SIM-карта работает в любой стране мира без абонентской платы! Частично настроена к приобретенному устройству! Для автоматической авторизации пользователя в сети МегаФон необходимо установить данную SIM-карту в приобретенное оборудование. Нельзя устанавливать SIM-карту в любые другие устройства, так как произойдет мгновенная блокировка SIM-карты. По желанию пользователь может вставить данную SIM-карту либо использовать внешнюю SIM-карту абсолютно любого сотового оператора. Внимание: Производитель не является оператором сотовой связи, не предоставляет услуги связи и не несет ответственность за сбои сотовой связи, за обновления инфраструктуры и за изменения условий абонентской платы. Пользователь самостоятельно выбирает SIM-карту сотового оператора, которую он будет использовать в приобретенном устройстве.После установки Маяка АвтоОко24 BEACON скачайте бесплатное мобильное приложение AvtoOko24 для iOS или Android. Абонентской платы за обслуживание НЕТ!Специализированное мобильное приложение AvtoOko24 позволяет автоматически создать учетную запись и имеет возможность пополнять встроенную Sim-карту банковской картой прямо из приложения.",
        "freeDelivery": false,
        "limited": false,
        "available": true
    }
},
{
    "model": "products_app.product",
    "pk": 6,
    "fields": {
        "category": 15,
        "price": "5802.00",
        "count": 25,
        "date": "2025-03-31T19:20:48.654Z",
        "title": "Навигатор Navitel N500",
        "description": "Навигатор автомобильный Navitel N500 Magnetic автомобильный на подарок для мужчин",
        "fullDescription": "Этот стильный авто навигатор – оптимальное решение для тех, кто ценит функциональность и простоту управления устройством. В комплекте вы получаете пакет высоко детализированных карт 18 стран(Азербайджан, Армения, Беларусь, Грузия, Дания, Исландия, Казахстан, Кыргызстан, Латвия, Литва, Норвегия, Россия, Таджикистан, Узбекистан, Украина, Финляндия, Швеция, Эстония.), доступных для бесплатного и бессрочного обновления.\r\n\r\nМоментальная фиксация навигатора возможна с помощью магнитного крепления, а зарядка происходит без лишних проводов через площадку держателя. Установка и снятие устройства занимают считанные секунды. Предусмотрен автозапуск при установке на крепление.\r\n\r\nОперационная система Linux, Процессор MStar MSB2531A Cortex-A7 Частота процессора 800 МГц, Тип батареи встроенный литий-ионный, Емкость аккумулятора -950 мАч.",
        "freeDelivery": false,
        "limited": true,
        "available": true
    }
},
{
    "model": "products_app.product",
    "pk": 7,
    "fields": {
        "category": 15,
        "price": "8189.00",
        "count": 29,
        "date": "2025-03-31T19:25:09.368Z",
        "title": "Мото компьютер EVKEY EKIY MTC-10+DVR",
        "description": "EVKEY EKIY MTC-10+DVR, 5-дюймовы мото компьютер, мото видеорегистратор, мультимедийный навигатор с беспроводным CarPlay и Android Auto",
        "fullDescription": "Беспроводной Android Auto\r\nБеспроводной Carplay\r\nВходной источник питания: 12V - 0,2A\r\nДисплей: 5 дюймовый экрана IPS 800 +\r\nОперационная система Linux \r\nРабочая температура: -20 ℃ ~+80 ℃\r\nРазрешения: 800*480P\r\nЗадняя и передняя камеры высокого разрешения 1080p и углом обзора 110°\r\nВодонепроницаемость IP67\r\nЗапись видео до 30 кадров в секунду\r\nЗапись звука",
        "freeDelivery": false,
        "limited": true,
        "available": true
    }
},
{
    "model": "products_app.product",
    "pk": 8,
    "fields": {
        "category": 17,
        "price": "1841.00",
        "count": 50,
        "date": "2025-03-31T19:28:39.509Z",
        "title": "Игровая приставка SEGA 16bit",
        "description": "Игровая приставка SEGA 16bit SuperDrive \"MILLENIUM\", 160 встроенных игр",
        "fullDescription": "Ретро приставка 16bit SuperDrive с 160 встроенными играми - идеальный выбор для поклонников классических видеоигр. Погрузитесь в атмосферу детства и вновь испытайте восторг от легендарных хитов, таких как Дюна, Бастер Банни, Мортал Комбат и Desert Strike. Эта игровая консоль предоставляет вам возможностью наслаждаться любимыми играми прошлых лет вновь и вновь.\r\n\r\nВ комплект входят два турбо джойстика (1.5 м), которые обеспечат комфортное и увлекательное управление. Управляйте своими персонажами с высокой точностью и максимально быстро реагируйте на динамичные игровые события. Независимо от вашего возраста, игровая приставка SuperDrive подарит море радости и веселых моментов. А дополнительный слот для картриджей даст Вам возможность бесконечно пополнять любимые игры!\r\n\r\nОсобенности:\r\n\r\n- 166 встроенных игр, включающих различные жанры: от аркад до боевиков и головоломок.\r\n\r\n- Поддержка формата 16bit, что позволяет насладиться плавной графикой и великолепным саундтреком.\r\n\r\n- Два удобных турбо джойстика, позволяющих комфортно играть как одному, так и в компании с друзьями.\r\n\r\n- Компактный и стильный дизайн консоли, который подойдет для любого интерьера.\r\n\r\n- Слот для картриджей 16 bit (16 бит). Пополняйте любимую коллекцию игр бесконечно!\r\n\r\nЭта приставка представляет собой идеальное сочетание ностальгии и современных технологий. Если вы являетесь поклонником сега и денди, то эта приставка станет для вас настоящей находкой. Насладитесь старыми добрыми играми в их лучшем виде благодаря ретро приставке 16bit SuperDrive. Подключайте ее к телевизору и проведите незабываемое время с друзьями и близкими.\r\n\r\nСписок полноценных встроенных игр (166игр*):1. Abrams Tank, 2. Aero Blasters , 3. Aero the acro-bat , 4. After burner 2 , 5. Aladdin, 6. Alien 3 , 7. Alien storm , 8. Animantacs, 9. Ariel Mermaid, 10. Art Alive , 11. Asterix the Power , 12. Back to the future 3 , 13. Bad Omen , 14. Ball Jacks, 15. Barbie Advent , 16. Bare Knuckle 2 , 17. Batman , 18.Battletch , 19. Battle toad, 20. Battle toads 2, 21. Beauty and beast 2, 22. Berens tain bears, 23. Bimini Run, 24. Blockout, 25. Bonanza Bros, 26. Bonkers, 27. Bubba N Stix, 28. Bubble and Squeak, 29. Burning Force, 30. Caesars Palase , 31. Caliber Fifty, 32. Captain Planet, 33. Castle of illusion , 34. Castlevania , 35.Chase HQ2, 36. Chess Master, 37. Clue, 38. Columns 3 , 39. Contra hard corps , 40. Cool Spot, 41. Crossfire, 42. Cutthroat Island, 43. Cyborg Justice, 44. Daffy Duck Hollyw, 45. Dark Castle, 46.Davis Cup World, 47. Decap Attack, 48. Desert demolition, 49. Desert strike, 50. Dick tracy, 51. Double dragon 3, 52. Dracula, 53. Dune 2 , 54. Ecco jr, 55.Exo Squad , 56. Fantasia, 57. Fantastic Dizzy, 58. Fire shark, 59. Flicky, 60. Flints Tones, 61. Gaudilet 4, 62. General chaos, 63. Ghost busters , 64. Global Gladiators, 65. Golden axe 3, 66. Goofy`s hysterical, 67. Granada, 68. Green dog, 69. Gunstar heroes, 70. Hellfire, 71. Hercules, 72. Home alone 2, 73. Indiana Jones, 74. Insector X, 75. It came from desert, 76. James bond 007: duel, 77. Joe and Mac, 78. Juncition, 79. Jungle book, 80. Juarussic park 2, 81. Kawasaki, 82. Klax, 83. Lawmonster Man, 84. Lost vikings, 85. Lotus turbo, 86. Megapanel, 87. Mickeys Ult. Chal., 88. Micro machines, 89. Midnight resistance, 90. Monopoly, 91. Moonwalker , 92. Mortal kombat, 93. Mr. Nuts, 94. Ms.Pac-man, 95. NHL Hockey 93, 96. Nigel Mansells, 97. Olimpic Gold, 98. pac-Attack, 99. Pagemaster, 100. Paperboy, 101. Pink goes to hollywood, 102. Predator 2, 103. Prince of persia, 104. Pro-am championship, 105. Putter Golf, 106. Pyramid Magic, 107. Quack shot, 108. Radical rex, 109. Rambo 3, 110. Ren Stempy, 111. Road blasters, 112. Road rash 2, 113. Robocop 3, 114. Rock'n roll racing, 115. Rolo to the rescue, 116. Second samurai, 117. Shadow Blaster, 118. Shadow Dancer, 119. Shinobi 3 master, 120. Shove It!, 121. Side Pocket, 122. Simpsons Mutants, 123. Smurfs, 124. Snake Rattle, 125. Snow Bross, 126. Sonic 2, 127. Sonic spinball, 128. Space Harrier 2, 129. Space Invaders 91, 130. Spider men Animated, 131. Spider men VS King pin, 132. Splatter house 2, 133. Squirrel king, 134. Sunset Riders, 135. Super air wolf, 136. Super battle ship, 137. Super battle tank, 138. Super hang-on, 139. Super Monaco GP, 140. Talespin, 141. Tazmania, 142.Terminator, 143. Terminator 2, 144. Tetris, 145. Thunder Force 2, 146. Tiny toon Busters, 147. Tom and Jerry, 148. Top gear 2, 149. Toxic crusaders, 150. Treasure Land Advent, 151. Turbo outrun, 152. Turtles Hyperst, 153. Vector man, 154. Verytex, 155. Volfide, 156. Wimbledon Tennis, 157. Winter Challenge, 158. , 159. World of illusion, 160. Zombies.",
        "freeDelivery": false,
        "limited": false,
        "available": true
    }
},
{
    "model": "products_app.product",
    "pk": 9,
    "fields": {
        "category": 17,
        "price": "48509.00",
        "count": 12,
        "date": "2025-03-31T19:30:53.560Z",
        "title": "Приставка PlayStation 5",
        "description": "Игровая консоль PlayStation 5 Slim Blu-Ray",
        "fullDescription": "Новая PS5 компактном корпусе и SSD на 1TB. Вертикальная подставка продается отдельно. Для подключения питания требуется переходник с японской вилки  https://www.ozon.ru/category/perehodnik-s-yaponskoy-vilki/ Для использования данного товара и пользования электронной подпиской, не запрещенных на территории РФ, вам может потребоваться использование сторонних сервисов, а также аккаунта для оплаты такой подписки. Обращаем внимание на возможные ограничения производителя на оплату подписки картами российский банков.\r\nПользователям игровых консолей может потребоваться сменить адрес dns сервера в настройках маршрутизатора (роутера).\r\nЦены, условия использования и способы оплаты в различных регионах мира(странах) могут меняться и отличаться, перед регистрацией аккаунта в выбранном регионе/стране рекомендуется изучить текущие условия, доступные продукты, способы оплаты и цены.",
        "freeDelivery": false,
        "limited": true,
        "available": true
    }
},
{
    "model": "products_app.product",
    "pk": 10,
    "fields": {
        "category": 3,
        "price": "10777.00",
        "count": 35,
        "date": "2025-03-31T19:33:39.819Z",
        "title": "FPV шлем 800D",
        "description": "FPV-шлем 800D с DVR",
        "fullDescription": "FPV-шлем 800D с функцией DVR — это идеальное решение для всех любителей новых технологий и дронов. Этот аксессуар создан для того, чтобы вы могли наслаждаться полетами на квадрокоптерах, получая полное погружение в увлекательный мир FPV (первого лица). Шлем обеспечит вам высококачественное изображение и удобство использования, что особенно важно во время управления дронем на больших расстояниях.\r\n\r\nОдной из главных особенностей FPV-шлема 800D является наличие встроенного DVR. Это позволяет записывать все ваши полеты в высоком качестве, чтобы вы могли в любой момент пересмотреть самые захватывающие моменты или делиться ими с друзьями. Шлем поддерживает различные разрешения и частоты кадров, что обеспечивает четкость и плавность картинки, даже на высоких скоростях.\r\n\r\nЭргономичный дизайн шлема обеспечивает комфорт даже при длительном использовании. Регулируемые ремешки позволяют подогнать его под любую головную форму, а мягкая внутренность убережет вас от дискомфорта во время длительных полетов. С этим устройством вы сможете полностью сосредоточиться на управлении квадрокоптером, не отвлекаясь на неудобства.\r\n\r\nFPV-шлем 800D совместим с большинством популярных моделей квадрокоптеров, что делает его универсальным выбором для пилотов любого уровня. Независимо от того, являетесь ли вы новичком или опытным пилотом, этот шлем гарантированно улучшит ваш опыт полетов, позволив видеть картинку словно вы сидите за штурвалом своего дрона.\r\n\r\nКроме того, шлем оснащен возможностью подключения к телефонам и другим устройствам, что позволяет использовать различные приложения для улучшения вашего пользовательского опыта. Есть возможность настроить яркость и контрастность изображения, чтобы адаптировать картинку под ваши предпочтения и условия полета. Таким образом, вы сможете настроить все параметры под себя и получить максимально приятное зрительное восприятие.\r\n\r\nС FPV-шлемом 800D вы получите не только качественное изображение и функциональность, но и возможность развивать свои навыки управления квадрокоптером. Встроенные системы предупреждений и индикации помогут вам всегда оставаться в курсе состояния дрона. Вы сможете лучше контролировать его движение и эффективно планировать маневры.\r\n\r\nНе упустите шанс попробовать FPV-полет с этим шлемом. Ощутите свободу и радость полетов, расширяя горизонты своих возможностей. Дайте волю своему творчеству и станьте частью удивительного сообщества FPV-пилотов, исследуя новые горизонты и одновременно записывая свои приключения на видеопленку.\r\n\r\nВыбирайте FPV-шлем 800D с DVR, если хотите сделать ваши полеты более увлекательными и удобными. Предоставьте себе и своим близким незабываемые моменты и впечатления, погружаясь в мир дронов, и создавайте уникальный контент, который будет радовать вас и других. Это не просто аксессуар, это ваш ключ к удивительному опыту.",
        "freeDelivery": false,
        "limited": false,
        "available": true
    }
},
{
    "model": "products_app.product",
    "pk": 11,
    "fields": {
        "category": 3,
        "price": "770.15",
        "count": 200,
        "date": "2025-03-31T19:35:50.852Z",
        "title": "Пропеллеры HQPROP",
        "description": "Пропеллеры, лопасти HQPROP 7X4X3 7040 3-лопастный для RC FPV дронов, 4шт (2 пары)",
        "fullDescription": "Пропеллеры 7X4X3 7040 — это лопасти для квадрокоптера, обеспечивающие стабильный полет и отличную маневренность. Эти пропеллеры для FPV идеально подходят для использования с моторами 2206-1500KV, но также могут быть совместимы с другими моделями моторов, что делает их универсальным выбором для вашего FPV дрона.\r\n\r\nИзготовленные из прочного поликарбоната, они устойчивы к износу и имеют длительный срок службы. Оптимизированная аэродинамическая форма повышает эффективность и тягу, что обеспечивает высокую скорость и маневренность. \r\n\r\nПропеллеры тестировались с двигателем 2206-1500KV и идеально подходят для квадрокоптеров любой сложности.\r\n\r\nКомплектующие для квадрокоптера включают 4 пропеллера (2 пары), что упрощает замену и подходит для большинства моделей FPV дронов. Эти лопасти на квадрокоптер являются отличным выбором для всех, кто хочет улучшить стабильность и производительность своего дрона.\r\n\r\nКомплектация\r\n2 CW + 2 CCW пропеллера",
        "freeDelivery": false,
        "limited": false,
        "available": true
    }
},
{
    "model": "products_app.product",
    "pk": 12,
    "fields": {
        "category": 2,
        "price": "28125.00",
        "count": 30,
        "date": "2025-03-31T19:40:14.455Z",
        "title": "Квадрокоптер C-Fly",
        "description": "Квадрокоптер C-Fly Faith Mini 2 Combo (комбо 2 аккумулятора)",
        "fullDescription": "Квадрокоптер C-Fly Faith Mini 2 на радиоуправлении сделан из прочного пластика и оснащён двумя камерами 4К и HD, а также функцией GPS. Этот дрон подходит как для начинающих пользователей (детей или взрослых, желающих научиться управлять дроном), так и для профессионалов.\r\n\r\nЛёгкий складной квадрокоптер C-Fly Faith mini 2 весит всего 249 граммов и имеет мощные бесколлекторные двигатели. На нём установлена 4К-камера на стабилизированном 3-осевом подвесе, что делает его идеальным для съёмки с высоты. 20-мегапиксельная камера позволяет записывать видео в формате 4К со скоростью 30 кадров в секунду. Приложение C-Fly даёт возможность делать снимки с 4-кратным увеличением. Благодаря 3-осевому подвесу, съёмка получается плавной, независимо от скорости полёта дрона.\r\n\r\nОсновная камера квадрокоптера имеет широкий угол обзора 120 градусов с возможностью регулировки вверх/вниз на 90 градусов с помощью пульта управления. Она оснащена электронной стабилизацией изображения, 50-кратным зумом и оптической стабилизацией.",
        "freeDelivery": false,
        "limited": false,
        "available": true
    }
},
{
    "model": "products_app.product",
    "pk": 13,
    "fields": {
        "category": 2,
        "price": "8835.00",
        "count": 15,
        "date": "2025-03-31T19:42:23.841Z",
        "title": "Квадрокоптер Syma W3",
        "description": "Квадрокоптер Syma W3 с камерой 2.7K FPV, GPS 5G - SYMA-W3",
        "fullDescription": "квадрокоптер SYMA W3 — идеальный выбор для любителей воздушных приключений и съемки с высоты! Этот квадрокоптер с камерой станет отличным спутником как для начинающих, так и для опытных пилотов. С его помощью вы сможете запечатлеть незабываемые моменты и насладиться захватывающими полетами.\r\n\r\nКвадрокоптеры SYMA известны своим качеством и надежностью, и модель W3 не исключение. Оснащенный высококачественной камерой, этот квадрокоптер позволяет делать яркие и четкие фотографии, а также записывать видео в высоком разрешении. Идеально подходит для тех, кто ищет квадрокоптеры с камерой для взрослых, желающих улучшить свои навыки аэросъемки.\r\n\r\nКвадрокоптер SYMA W3 обладает интуитивно понятным управлением, что делает его доступным даже для новичков. Благодаря функции автопилота и стабилизации полета, вы сможете легко управлять им и сосредоточиться на создании потрясающих снимков. Компактный и легкий, этот квадрокоптер легко переносить и использовать в любых условиях.\r\n\r\nКроме того, квадрокоптеры с камерой, такие как SYMA W3, предлагают множество интересных функций, включая режимы полета и специальные эффекты, которые добавят веселья в ваши полеты. С его помощью вы сможете наслаждаться не только полетами, но и творческим процессом создания контента.\r\n\r\nКвадрокоптер Syma W3 с камерой 2.7K FPV, GPS 5G - SYMA-W3 - это новый компактный складной квадрокоптер от Syma. Вес квадрокоптера всего 246 грамм. Регистрация не требуется. Также в комплекте вы найдете удобную сумку для хранения и транспортировки модели.\r\n\r\nОсобенности модели:\r\nКомпактный складной дрон для фото и видео съемки с системой GPS.\r\nОсновная HD камера 2.7K с изменяемым углом наклона. Вертикальная VGA камера с оптическим сенсором, позволяющая получить более четкое изображения основной камеры.\r\nФункция записи видео со звуком (звук пишется через микрофон на Вашем устройстве).\r\nВстроенный модуль GPS с функцией автовозврата и определением гео позиции.\r\nВозврат одной кнопкой, а также автоматический возврат при низком заряде батареи.\r\nПриложение APP с функциями следуй за мной, облет по точкам, полет по заданному маршруту и круговой облет цели.\r\nВозможность управления дроном при помощи жестов рук, создания фотографий или начала записи видеосъемки.\r\nВозможность установки фона или музыкального сопровождения при съемках, отправка фотографий и видео в социальные сети прямо с дрона.",
        "freeDelivery": false,
        "limited": true,
        "available": true
    }
},
{
    "model": "products_app.product",
    "pk": 14,
    "fields": {
        "category": 11,
        "price": "9953.00",
        "count": 24,
        "date": "2025-03-31T19:50:27.997Z",
        "title": "Монитор JBEE 27\"",
        "description": "JBEE 27\" Монитор 100 герц, FULL-HD, IPS, черный матовый",
        "fullDescription": "Безрамочный LED монитор для компьютера JBEE с диагональю 27 дюймов сочетает в себе все необходимые свойства современного монитора.\r\nВысокая четкость изображения Full HD и разрешение экрана 1920х1080, точная цветопередача, низкое время отклика, высокая яркость и контрастность, частота обновления экрана 100 Гц, широкий угол обзора, как по вертикали, так и по горизонтали, матовое антибликовое покрытие, защита для глаз, а также меню на русском языке для удобной настройки, три видеопорта и разъемы для подключения наушников.\r\n\r\nБлагодаря высоким техническим характеристикам монитора для ПК JBEE T27 Вы полностью ощутите всю красочность виртуального мира, передаваемого в играх и фильмах, а также оцените удобство работы, как в графических редакторах, так и просто работая с текстом.\r\n\r\nСистема защиты зрения в ЖК-мониторе JBEE T27 реализована благодаря двум технологиями, Low Blue Light и Flicker free, которые в совокупности позволяют значительно снизить нагрузку на глаза пользователя.\r\n\r\nТехнология Low Blue Light уменьшает интенсивность синего света, который вреден для глаз.\r\n\r\nТехнология Flicker free обеспечивает монитор стабильным питанием, благодаря чему устраняется неприятное и утомляющее мерцание изображения.\r\n\r\nС игровым LED монитором JBEE T27 комфортно проводить за компьютером долгие периоды времени, будь то учебные онлайн курсы, прохождение видеоигр, обработка фотографий или верстка кода.\r\nЧем бы вы ни занимались, вашим глазам будет комфортно.\r\n\r\nИгровой монитор JBEE T27 оснащен ЖК панелью IPS класса, которая позволяет получить изображение с максимальным качеством и широким углом обзора.\r\nIPS монитор JBEE T27 воспроизводит яркие цвета без существенных искажений.\r\n\r\nТочная цветопередача незаменима во время учебы или работы с использованием графических материалов, а при просмотре фильма яркая и сочная картинка добавляет дополнительное удовольствие.\r\n\r\nСпециальное покрытие экрана игрового монитора JBEE T27 обеспечивает четкое изображение в любой обстановке и при любом освещении, даже в самый солнечный день.\r\nМатовый экран снижает количество отражаемого света.\r\n\r\nЭкран с антибликовым покрытием не только повышает качество изображения, но и делает работу за компьютером более комфортной как при естественном освещении, так и при ярком искусственном освещении.\r\n\r\nТехнология IPS, по которой изготовлена LED панель игрового монитора JBEE T27, обеспечивает широкие углы обзора 178° как по вертикали, так и по горизонтали.\r\n\r\nБлагодаря широким углам обзора контент на этом ЖК экране могут смотреть одновременно несколько человек, и каждый будет видеть отличную картинку без существенных искажений цветопередачи.\r\n\r\nВ дополнение к широким углам обзора игрового монитора для ПК дополнительное удобство добавляет подставка с настройкой положения экрана, идущая в комплекте.\r\n\r\nНаклон экрана FHD монитора JBEE T27 регулируется в диапазоне от -5° до 20° для индивидуальной настройки рабочего или игрового места под потребности пользователя.\r\n\r\nБезрамочный LED монитор JBEE T27 помещен в металлический корпус, который обеспечивает более эффективное охлаждение внутренних элементов в сравнении с пластиковыми корпусами, и как следствие увеличивает их срок службы и бесперебойную работу.\r\n\r\nИгровой ЖК-монитор совместим с крепежом стандарта VESA, размером 100 х 100 мм, что позволяет установить монитор на стену для экономии пространства на столе.\r\nТакже за счет наличия отверстий для крепежа VESA на задней панели монитора можно поместить мини-компьютер, превратив монитор в полноценный моноблок.\r\n\r\nНа задней панели ЖК-монитора для персонального компьютера расположены три видеовхода для подключения к компьютеру:\r\n- разъем VGA – через видеоинтерфейс VGA осуществляется передача только аналогового видеосигнала, причем без звука, для передачи которого необходим дополнительный канал;\r\n- разъем HDMI для передачи несжатого цифрового видеосигнала вместе с многоканальным аудиосигналом и используется для подключения монитора к системному блоку ПК, ноутбуку, игровой консоли. Обладает большой пропускной способностью, допускает передачу видео высокой четкости;\r\n- видеовход DisplayPort с поддержкой передачи видео в высоком разрешении вместе с многоканальным звуком относится к числу наиболее актуальных для современного монитора.\r\n\r\nБлагодаря трем видео входам обеспечивается возможность работы, как с современными компьютерами, так и с ПК более ранних сборок.\r\n\r\nРазъем DC предназначен для подключения монитора к питанию. Входы Audio in и Audio out предназначены для подключения к монитору наушников и микрофона соответственно.\r\n\r\nПри подключении к ПК с видеокартой, подключайте монитор напрямую к видеокарте.\r\n\r\nБезрамочный LED монитор JBEE T27 оснащен самой современной IPS матрицей, какие есть в настоящее время на рынке мониторов, которая обеспечивает частоту обновления экрана 100 Гц.\r\n\r\nМонитор с частотой обновления экрана 100 Гц в сравнении с монитором на 60 Гц обладает следующими преимуществами:\r\n\r\n- Более плавное изображение: 100-герцовый монитор может отображать больше кадров в секунду, что обеспечивает более плавное и приятное движение на экране.\r\nЭто особенно заметно в играх и при просмотре видео.\r\n\r\n- Снижение размытия при движении: Размытие при движении возникает, когда объекты на экране движутся быстро.\r\nПри более высокой частоте обновления монитора это размытие снижается, и объекты на экране выглядят более четкими.\r\n\r\n- Улучшенная реакция в играх: В играх быстрое время отклика монитора может дать преимущество перед соперниками.\r\n100-герцовый монитор обеспечивает более быструю реакцию на действия игрока.\r\n\r\n- Меньшее утомление глаз: Более высокая частота обновления может снизить нагрузку на глаза, так как они меньше устают при продолжительной работе за монитором.\r\n\r\n- Поддержка контента с высокой частотой кадров: С распространением контента с высокой частотой кадров (например, фильмы в формате HDR с частотой 60 кадров в секунду), монитор с частотой 100 Гц лучше подходит для его отображения.\r\n\r\nБезрамочный LED монитор JBEE T27 позволит полностью погрузиться в атмосферу происходящего на экране.\r\nЧастота обновления экрана до 100 Гц и глубина цвета 16,7 млн выдает отличную четкость и качество изображения во время динамики в играх или фильмах.\r\n\r\nМы уверены в качестве нашей продукции, будем крайне признательны честному отзыву при выборе ЖК игрового монитора.",
        "freeDelivery": false,
        "limited": true,
        "available": true
    }
},
{
    "model": "products_app.product",
    "pk": 15,
    "fields": {
        "category": 11,
        "price": "12564.00",
        "count": 21,
        "date": "2025-03-31T19:53:04.047Z",
        "title": "Монитор Xiaomi 27\"",
        "description": "Xiaomi 27\" Монитор Xiaomi Redmi G27 IPS 165 гц , черный матовый",
        "fullDescription": "Монитор Xiaomi Redmi Display 27\" G27 165Hz (P27FBB-RG) представляет собой идеальное дополнение к вашей игровой конфигурации благодаря своей высокой частоте обновления в 165 Гц, разрешению 1920×1080 и времени отклика 1 мс. \r\n\r\nАдаптивная синхронизация видеокарты эффективно уменьшает задержки в игровом процессе, обеспечивая плавное и реалистичное отображение даже в самых динамичных сценах.\r\n\r\nOled монитор для компьютера от Ксяоми 27 дюймов - обладает контрастностью 1000:1 и широким цветовым охватом, что гарантирует воспроизведение каждой детали игрового мира. Поддержка HDR10 и Full HD дополнительно улучшает четкость изображения, делая игровой опыт еще более захватывающим.\r\n\r\nТехнология затемнения постоянного тока снижает мерцание экрана, а режим сниженного излучения синего света защищает глаза от переутомления. Режим комфортного зрения позволяет использовать монитор продолжительное время и без вреда для здоровья глаз работать на ПК.\r\n\r\nКаждый монитор Сяоми Редми проходит настройку цветопередачи с точностью до ΔE около 2 единиц на производственной линии, обеспечивая высокое качество воспроизведения цветов.",
        "freeDelivery": false,
        "limited": true,
        "available": true
    }
},
{
    "model": "products_app.product",
    "pk": 16,
    "fields": {
        "category": 12,
        "price": "15270.00",
        "count": 42,
        "date": "2025-03-31T19:57:44.200Z",
        "title": "Системный блок PC Black & White",
        "description": "Black & White PC Системный блок Компьютер Combo i5 512 (Intel Core i5-3470, RAM 16 ГБ, SSD 512 ГБ, Intel HD Graphics 2500, Windows), серый",
        "fullDescription": "Компьютер Combo\r\nОтлично подойдет для офиса, дома и учебы. \r\nКомплектация\r\nСистемный блок, Шнур питания, гарантийный талон.",
        "freeDelivery": false,
        "limited": false,
        "available": true
    }
},
{
    "model": "products_app.product",
    "pk": 17,
    "fields": {
        "category": 12,
        "price": "25263.00",
        "count": 24,
        "date": "2025-03-31T20:00:08.328Z",
        "title": "Системный блок 310H6SM iRU",
        "description": "Системный блок 310H6SM iRU",
        "fullDescription": "(Intel Core i3-12100, RAM 8 ГБ, SSD 256 ГБ, Intel UHD Graphics 730, FreeDOS), черный\r\n\r\nКомплектация\r\nСистемный блок, документация",
        "freeDelivery": false,
        "limited": false,
        "available": true
    }
},
{
    "model": "products_app.product",
    "pk": 18,
    "fields": {
        "category": 9,
        "price": "21973.00",
        "count": 35,
        "date": "2025-03-31T20:04:48.483Z",
        "title": "Hi-Fi блютуз колонка RAINBO",
        "description": "Hi-Fi блютуз колонка RAINBO TECHNICS Satisfaction",
        "fullDescription": "По многочисленным отзывам добавили поддержку функции Стереопары (TWS, True Wireless Stereo).\r\n \r\nTWS - специальная технология, позволяющая передавать стереосигнал через интерфейс Bluetooth на две колонки от одного источника. В случае с колонками RAINBO Technics Satisfaction, соединив их в стереопару, Вы получаете 200 Вт пиковой мощности кристального Hi-Fi звука с ярко выраженным стереоэффектом. По ощущениям получается настолько мощное звучание, что даже не верится, что это играет не пара больших, без преувеличения, элитных «напольников».\r\n\r\nОбычно для полноценного прослушивания музыки необходимо покупать дорогостоящие большие напольные колонки, усилители и проигрыватель, а прослушивание музыки в студиях – удел немногих. Теперь, благодаря Hi-Fi блютуз колонке RAINBO TECHNICS Satisfaction вы можете присоединиться к ним и услышать ритм так, как его хотели услышать ваши любимые исполнители\r\n\r\nЗвук от профессионалов Hi-End индустрии\r\nВ разработке акустических систем и электроники RAINBO TECHNICS принимал самое непосредственное участие Олег Миронов – сооснователь ACC Lab (акустическая лаборатория MWM), многократный участник выставок «Российский Hi-End»\r\n\r\nНе секрет, что музыкальный колонки в деревянном корпусе звучат на порядок лучше, чем пластиковые. Корпус акустической системы RAINBO TECHNICS изготовлен из МДФ и фанеры. Это обеспечивает достаточную жёсткость, отсутствие лишних вибраций и прекрасные акустические свойства музыкальной системы\r\n\r\nУникальная форма акустической камеры позволяет оптимально настраивать басы, балансируя чувствительность и мощность, и создает расширенное звуковое поле, позволяющее ощутить всю мощь басовых нот, включая саббас и обеспечивает высокое звуковое давление начиная с 40 Гц. Эта по-настоящему большая блютуз колонка и «взрослый» звук не оставят равнодушным никого",
        "freeDelivery": false,
        "limited": false,
        "available": true
    }
},
{
    "model": "products_app.product",
    "pk": 19,
    "fields": {
        "category": 9,
        "price": "9442.00",
        "count": 23,
        "date": "2025-03-31T20:07:05.445Z",
        "title": "Колонка JBL Flip 6",
        "description": "Беспроводная портативная колонка JBL Flip 6, с Bluetooth,черное",
        "fullDescription": "Комплектация\r\nколонка, кабель для зарядки, упаковка",
        "freeDelivery": false,
        "limited": true,
        "available": true
    }
},
{
    "model": "products_app.product",
    "pk": 20,
    "fields": {
        "category": 8,
        "price": "6313.00",
        "count": 35,
        "date": "2025-03-31T20:10:54.252Z",
        "title": "Наушники Marshall Major IV",
        "description": "Наушники с микрофоном Marshall Major IV, Bluetooth, 3.5 мм, коричневый",
        "fullDescription": "Marshall Major IV\r\nВстречайте Major IV, культовые наушники от Marshall с более чем 80 часами беспроводного воспроизведения, беспроводной зарядкой и эргономичным дизайном.\r\n\r\nС более чем тремя полными днями использования вы можете не беспокоиться о том, что ваши наушники перестанут работать, когда они вам понадобятся.\r\n\r\nСпециально настроенные динамики обеспечивают ревущие басы, плавные средние и блестящие высокие частоты для хорошего звука.\r\n\r\nMajor IV обеспечивает звук характерный для Marshall, которого вы и ожидали. В Major IV заложены более чем 55-летние знания о взрывном звуке. Специально настроенные динамические драйверы обеспечивают качественный звук, который вы никогда не захотите отключать.",
        "freeDelivery": false,
        "limited": false,
        "available": true
    }
},
{
    "model": "products_app.product",
    "pk": 21,
    "fields": {
        "category": 8,
        "price": "5056.00",
        "count": 50,
        "date": "2025-03-31T20:14:04.158Z",
        "title": "Наушники JBL T720BT",
        "description": "JBL Беспроводные полноразмерные наушники Tune 720BT, черные",
        "fullDescription": "JBL Tune 720bt\r\nНаушники JBL Tune 720 BT обеспечивают беспроводную передачу мощного звука JBL Pure Bass с использованием новейшей технологии Bluetooth 5.3. Простые в использовании, эти наушники обеспечивают до 76 часов чистого удовольствия, а также 3 часа дополнительного времени автономной работы всего за 5 мин. зарядки. Загрузите бесплатное приложение JBL Headphones и настройте звук с помощью эквалайзера. Управляйте звонками, звуком и громкостью с гарнитуры с помощью кнопок управления. Если вам поступает входящий звонок во время просмотра видео на другом устройстве, наушники JBL Tune 720 BT легко переключаются на ваш мобильный, так что вы никогда не пропустите звонок. Легкие и удобные даже после нескольких часов прослушивания.\r\n\r\nЧистый басовый звук JBL\r\n\r\nНаушники JBL Tune 720 BT оснащены знаменитым звуком JBL Pure Bass, таким же, как в самых известных местах по всему миру.\r\n\r\nЛегкие материалы и мягкие амбушюры с мягким оголовьем обеспечивают превосходный комфорт при длительном ношении. Складная конструкция позволяет легко носить наушники с собой и слушать музыку в любом месте и в любое время.\r\n\r\nБеспроводные полноразмерные наушники JBL Tune 720BTстанут идеальным подарком на День рождения, 23 февраля, 8 марта, Новый год. Будь то подарок для друга, подруги, девушки, близкого человека или себя самого. Они точно будут высоко оценены любителями качественного звука",
        "freeDelivery": false,
        "limited": false,
        "available": true
    }
},
{
    "model": "products_app.product",
    "pk": 22,
    "fields": {
        "category": 6,
        "price": "13736.00",
        "count": 16,
        "date": "2025-03-31T20:15:54.721Z",
        "title": "Микроскоп цифровой Skymart BeaverLab M2B",
        "description": "Микроскоп цифровой Skymart BeaverLab M2B (Standard), съемный IPS-дисплей 4,3\", WiFi и USB, разрешение Full HD, запись фото и видео, беспроводной детский школьный учебный",
        "fullDescription": "Цифровой микроскоп BeaverLAB M2B (Standard)\r\nЗнакомьтесь, BeaverLab M2 – первый в мире цифровой микроскоп со съемным экраном! Инструмент оснащен цветным IPS-дисплеем с диагональю 4,3-дюйма, который можно отсоединить от штатива и превратить в самостоятельный переносной микроскоп.\r\n \r\nВ качестве приемника изображений используется ПЗС-матрица с разрешением Full-HD (2 млн. пиксел). Рабочий диапазон увеличений микроскопа: от 10 до 800 крат. Благодаря встроенному WiFi-модулю изображения можно передавать в режиме реального времени на различные смартфоны, планшеты, компьютеры и современные телевизоры. Полученные фотографии и видео можно сохранять с разрешением 1920x1080 как во внутренней памяти устройства (32 Гб), так и на внешних носителях.\r\n\r\nПитание осуществляется от двух встроенных литий-ионных аккумуляторов (в штативе и в тубусе), емкости которых хватает примерно на 5 часов наблюдений.\r\n\r\nДля проведения первых наблюдений прямо «из коробки» данная версия микроскопа M2B (Standard) комплектуется 10 готовыми микропрепаратами. В нашем ассортименте также имеется премиальная версия M2A (Deluxe), у которой, помимо 10 микропрепаратов, имеются: 10 предметных и покровных стекол, 2 контейнера для хранения образцов и инструментов, 3 баночки для образцов, 2 чашки Петри, пипетка, пинцет, цветная иллюстрированная книга о микромире (на английском) и тетрадь для записи наблюдений.\r\nIPS дисплей с диагональю 4,3 дюйма\r\nЦифровой микроскоп BeaverLab M2 оснащен цветным IPS-экраном с диагональю 4,3-дюйма. Экран имеет 24-разрядную глубину цвета и способен отображать 16,7 млн. различных оттенков. Технология IPS обеспечивает более яркие и реалистичные цвета по сравнению с другими дисплеями, а также позволяет получить более широкие углы обзора. При этом IPS-экраны обеспечивают стабильные характеристики цветопередачи в не зависимости от положения зрителя относительно экрана.\r\nУвеличение от 10 до 800 крат\r\nОптическая схема микроскопа позволяет получать увеличения в диапазоне от 10 до 800 крат (оптическое увеличение до 200 крат). Плавное изменение увеличения осуществляется с помощью вращения фокусировочного цилиндра на тубусе микроскопа, а также с помощью кнопок «плюс» и «минус», расположенных на задней панели экрана.\r\nСъемная конструкция\r\nЭкран микроскопа BeaverLAB M2 имеет съемный тубус, который можно отсоединить от основания (штатива) без нарушения функциональности. Таким образом, микроскоп легко превращается из настольного в переносной (портативный). Мобильная версия микроскопа обеспечит вам полную свободу действий в походе, на экскурсии или других мероприятиях на открытом воздухе.\r\nПриемная матрица Full HD\r\nМикроскоп BeaverLAB M2 оснащен 2-мегапиксельной CMOS-матрицей, дающей возможность сохранять фотографии и видео наблюдаемых объектов в формате Full HD (разрешение 1920x1080 пиксел). Такое разрешение позволит в дальнейшем изучать и анализировать полученные изображения на экране ноутбука или компьютера в более крупном масштабе без потери качества.\r\nБеспроводная передача данных\r\nБлагодаря встроенному WiFi-модулю и бесплатному мобильному приложению Beaver Point (для iOS и Android) вы легко сможете загружать изображения и видео с микроскопа BeaverLab M2 на различные смартфоны или планшеты, без необходимости использования USB-кабеля. Беспроводная передача данных позволит вам напрямую делиться своими открытиями с другими людьми и загружать полученные фотографии и видеоклипы в социальные сети.",
        "freeDelivery": false,
        "limited": true,
        "available": true
    }
},
{
    "model": "products_app.product",
    "pk": 23,
    "fields": {
        "category": 6,
        "price": "3782.00",
        "count": 45,
        "date": "2025-03-31T20:17:07.812Z",
        "title": "Микроскоп Dewang CSW02",
        "description": "Беспроводной цифровой Wi-Fi микроскоп Dewang CSW02 2МПикс HD 1000Х трихоскоп",
        "fullDescription": "Беспроводной цифровой микроскоп\r\nБеспроводной цифровой микроскоп Dewang CSW02 1000X – это компактное современное устройство с возможностью увеличения до 1000Х крат, подключаемое по Wi-Fi к телефону или планшету на базе Android/iOS (или к компьютеру с помощью USB-кабеля).\r\nDewang CSW02 1000X\r\nDewang CSW02 1000X\r\nПрибор работает по принципу цифровой камеры: исследуемые объекты можно увеличивать, снимать на видео или фотографировать. Впоследствии, полученные данные можно сохранить на жестком диске компьютера для дальнейшей обработки.\r\n\r\nТакже в комплекте есть настольный штатив, на который можно закрепить микроскоп. Встроенная подсветка из 8 светодиодов с регулируемой яркостью равномерно освещает исследуемый объект и позволяет подобрать оптимальный уровень освещения для работы с любым объектом.\r\n\r\nДанный микроскоп подходит для работы с мелкими радиодеталями, монетами, пригодится при ремонте электронных приборов, в лабораторных исследованиях, в студенческой и школьной практике.",
        "freeDelivery": false,
        "limited": false,
        "available": true
    }
},
{
    "model": "products_app.product",
    "pk": 24,
    "fields": {
        "category": 5,
        "price": "1845.00",
        "count": 52,
        "date": "2025-03-31T20:19:39.279Z",
        "title": "Телескоп F36050",
        "description": "Телескоп-рефрактор F36050 с видоискателем 90X",
        "fullDescription": "Комплектация\r\nувеличительная линза х5\r\nштатив\r\nокуляр 20/60 мм\r\nзенитный окуляр\r\nлунный отражатель\r\nинструкция",
        "freeDelivery": false,
        "limited": false,
        "available": true
    }
},
{
    "model": "products_app.product",
    "pk": 25,
    "fields": {
        "category": 5,
        "price": "6290.00",
        "count": 48,
        "date": "2025-03-31T20:21:20.825Z",
        "title": "Телескоп астрономический BOSSDAN",
        "description": "Телескоп астрономический BOSSDAN 75X c тонкой настройкой фокуса",
        "fullDescription": "Комплектация\r\nтелескоп - 1 шт, чехол - 1 шт, треножный штатив - 1 шт, держатель для смартфона - 1 шт, салфетка для протирки - 1 шт, инструкция на русском языке - 1 шт, сумочка для переноски и хранения - 1 шт",
        "freeDelivery": false,
        "limited": false,
        "available": true
    }
},
{
    "model": "products_app.product",
    "pk": 26,
    "fields": {
        "category": 21,
        "price": "4530.00",
        "count": 32,
        "date": "2025-03-31T20:24:30.859Z",
        "title": "Медиаплеер HK1 RBOX",
        "description": "HK1 RBOX Медиаплеер смарт тв приставка Android, 4 ГБ/64 ГБ, Wi-Fi, Bluetooth, черный",
        "fullDescription": "Комплектация\r\nПриставка Smart TV, HDMI кабель, пульт ДУ, адаптер пульта ДУ, инструкция, адаптер питания",
        "freeDelivery": false,
        "limited": false,
        "available": true
    }
},
{
    "model": "products_app.product",
    "pk": 27,
    "fields": {
        "category": 21,
        "price": "12207.00",
        "count": 38,
        "date": "2025-03-31T20:26:25.992Z",
        "title": "Медиаплеер Homatics Box R",
        "description": "Dune HD Медиаплеер Homatics Box R 4K Plus Android, 4 ГБ/32 ГБ, Bluetooth, Wi-Fi, черный",
        "fullDescription": "1. Разъем питания 12V\r\n2. Порт Ethernet 1000 Mbit/s\r\n3. Выход HDMI 2.1\r\n4. Оптический аудиовыход S/PDIF\r\n5. Резервный порт\r\n6. Порт USB 2.0\r\n7. Порт USB 3.0\r\n8. Резервный порт (Внимание! На порт подается питание 12В. Не подключать внешние накопители!)\r\n\r\nМощный медиаплеер Dune HD нового поколения 2-в-1: полный официальный Android TV 11 (с сертификациями Google и Netflix) + продвинутый функционал медиацентра Dune HD. Новейшие технологии. Dolby Vision & Atmos, AV1, YouTube 4K HDR, HDR10+, 4Kp60, ISO 4K DV P7 FEL. 4+32 ГБ, 1 Гбит, Wi-Fi 6, USB 3.0, S/PDIF.\r\n\r\nИспользуя всего одно устройство, вы можете смотреть потоковые видеосервисы в максимальном качестве (до 4K с Dolby Vision и Atmos), а также воспроизводить локальную библиотеку медиафайлов в самых продвинутых форматах (вплоть до ISO 4K с Dolby Vision FEL и полным меню** диска) - используя продвинутый функционал медиацентра Dune HD.\r\n\r\n** Blu-ray меню будет доступно в будущих версиях приложения Dune HD медиацентра.\r\n\r\n( Инструкцию по установке Медиацентра Dune HD смотрите на сайте производителя).\r\n\r\n- Воспроизведение видео файлов в формате Ultra HD 4Kp60 с Dolby Vision.\r\n- Воспроизведение аудио файлов, включая FLAC, SACD, WavPack, APE, ALAC.\r\n- Ссылки на видеосервисы из энциклопедии фильмов для удобного просмотра контента в Интернете.\r\n- Родительский контроль, включая блокировку доступа по расписанию.\r\n- Управление с телефонов/планшетов iOS/Android.\r\n- Интерфейс IP-управления для интеграции в системы Умного Дома и Домашней Автоматизации.\r\n-Встроенный файловый сервер SMB для доступа к USB-накопителям и внутренней памяти из сети.",
        "freeDelivery": false,
        "limited": false,
        "available": true
    }
},
{
    "model": "products_app.product",
    "pk": 28,
    "fields": {
        "category": 20,
        "price": "34910.00",
        "count": 9,
        "date": "2025-03-31T20:33:29.526Z",
        "title": "Телевизор 55V6B 55\"",
        "description": "TCL Телевизор 55V6B 55\" 4K UHD, черный",
        "fullDescription": "Изображение с мельчайшими деталями\r\nРасширенный динамический диапазон (HDR), который является новейшим стандартом для UHD-контента, обеспечивает превосходное качество изображения благодаря поразительной яркости, исключительной детализации теней и ярким цветам. Наслаждайтесь невероятными деталями изображения, задуманными создателями фильма.\r\n\r\nПроцессор AiPQ  Непревзойденный интеллект\r\nПроцессор AiPQ – это мощный процессор для обработки контента со стабильным и высококачественным разрешением 4K. Пришло время по-настоящему насладиться вечером просмотра фильмов.\r\nВыдающиеся детали на экранах TCL T-SCREEN\r\nT-SCREEN характеризуется исключительно высоким контрастом и сниженным энергопотреблением, а его угол обзора составляет 178°.\r\n*Данные взяты из материалов лаборатории TCL. Различные условия/стандарты испытаний могут привести к отклонениям в результатах.\r\nЭффект полного погружения с Dolby Audio\r\nСоздан для того, чтобы вы оказались в центре каждой сцены – с кристальной четкостью, четкими диалогами и превосходной детализацией. От игр с мячом до любимых сериалов – развлечения еще никогда не были настолько захватывающими.",
        "freeDelivery": false,
        "limited": true,
        "available": true
    }
},
{
    "model": "products_app.product",
    "pk": 29,
    "fields": {
        "category": 20,
        "price": "41053.00",
        "count": 5,
        "date": "2025-03-31T20:37:59.369Z",
        "title": "Телевизор Digma Pro  55C",
        "description": "Digma Pro Телевизор 55C Smart Google TV 55\" 4K UHD, черный",
        "fullDescription": "Digma Pro Телевизор 55C Smart Google TV 55\" 4K UHD, черный\r\nКомплектация\r\nТелевизор, подставка, пульт",
        "freeDelivery": false,
        "limited": true,
        "available": true
    }
},
{
    "model": "products_app.product",
    "pk": 30,
    "fields": {
        "category": 12,
        "price": "23578.00",
        "count": 5,
        "date": "2025-08-12T16:10:59.632Z",
        "title": "Системный блок MagicPC 3 Pro",
        "description": "Монстр среди премиальных сборок, который идеально подойдёт как для профессионалов, так и для геймеров, обеспечивая исключительную производительность и стабильность.",
        "fullDescription": "Intel Core Ultra 9-285K / 32GB DDR5 /2TB SSD M.2 PCI-E / 2TB SSD M.2 PCI-E / GeForce RTX 5080 16Gb / Z890 / 1000W / Win11Pro / MsOffice / Wi-Fi 6 / Bluetooth 5.0 / Гарантия 3 года.\r\n\r\nВ сердце этой сборки находится мощнейший процессор Intel Core Ultra 9-285K, обеспечивающий невероятную производительность для самых сложных задач. С 24 ядрами и 24 потоками этот чип справляется с многозадачностью, высоконагруженными приложениями и многими современными играми без малейших задержек. Его тактовая частота до 6,4 GHz позволяет работать с самыми ресурсоемкими программами, такими как 3D-рендеринг, видеомонтаж, научные вычисления и многое другое.\r\n\r\nВ комплекте с процессором идет 32 ГБ оперативной памяти DDR5, что обеспечивает молниеносную работу приложений, быстрый отклик системы и отсутствие задержек при выполнении задач. Даже при самых высоких нагрузках эта сборка останется стабильно быстрой и надежной.\r\n\r\nДля хранения данных установлены два ультраскоростных SSD M.2 PCI-E на 2 ТБ, который гарантирует мгновенную загрузку операционной системы, приложений и игр. Диск с такой пропускной способностью значительно ускоряет работу с файлами, а объема в 4 ТБ достаточно для хранения больших проектов, игр, видеоматериалов и других данных.\r\n\r\nGeForce RTX 5080 с 16 ГБ видеопамяти GDDR7 — это видеокарта нового поколения, предоставляющая небывалую графическую мощность. Поддержка трассировки лучей в реальном времени, улучшенная графика для игр и профессиональных приложений делают её идеальным выбором для геймеров и творческих людей. Возможности карты позволяют работать с 3D-моделями, редактировать видео в разрешении 4K и наслаждаться безупречной графикой в самых требовательных играх на ультра-настройках.\r\n\r\nМатеринская плата Z890 обеспечивает стабильную работу всех компонентов и поддержку новейших технологий, что позволяет системе работать на максимальных оборотах. Высокая производительность и надежность этой платы обеспечивают долгий срок службы и минимум сбоев.\r\n\r\nДля такой мощной сборки требуется надежный блок питания. Блок мощностью 1000 Вт гарантирует отличную энергоэффективность и стабильную работу даже при высоких нагрузках. Он обеспечивает надёжное питание для всех компонентов, поддерживая стабильность системы в процессе работы, игр и тяжелых вычислений.\r\n\r\nДля полноценной работы и использования всех возможностей системы в комплекте идёт Windows 11 Pro. Эта операционная система предлагает всё необходимое для профессионалов, включая улучшенные функции безопасности, стабильность и поддержку новейших технологий. Также, предустановлен пакет Microsoft Office, который включает все необходимые инструменты для работы с документами, таблицами и презентациями.\r\n\r\nСистема поддерживает Wi-Fi обеспечивает быструю и стабильную работу в интернете с минимальными задержками. Технология Bluetooth 5.0 позволяет без проводов подключать устройства, такие как наушники, клавиатуры, мыши и другие аксессуары, обеспечивая надежную связь на большом расстоянии и с низким энергопотреблением.",
        "freeDelivery": false,
        "limited": true,
        "available": true
    }
},
{
    "model": "products_app.productimage",
    "pk": 1,
    "fields": {
        "src": "products/product_1/images/Asus_ROG_G16_i7.jpg",
        "alt": "Asus_ROG_G16_i7.jpg",
        "product": 1
    }
},
{
    "model": "products_app.productimage",
    "pk": 2,
    "fields": {
        "src": "products/product_11/images/Пропеллеры_HQPROP.jpg",
        "alt": "Пропеллеры HQPROP.jpg",
        "product": 11
    }
},
{
    "model": "products_app.productimage",
    "pk": 3,
    "fields": {
        "src": "products/product_10/images/FPV-шлем_LS_-_800D.jpg",
        "alt": "FPV-шлем LS - 800D.jpg",
        "product": 10
    }
},
{
    "model": "products_app.productimage",
    "pk": 4,
    "fields": {
        "src": "products/product_2/images/ASUS_FA506NF-HN060.jpg",
        "alt": "ASUS FA506NF-HN060.jpg",
        "product": 2
    }
},
{
    "model": "products_app.productimage",
    "pk": 5,
    "fields": {
        "src": "products/product_29/images/Digma_Pro_Телевизор_55C.jpg",
        "alt": "Digma Pro Телевизор 55C.jpg",
        "product": 29
    }
},
{
    "model": "products_app.productimage",
    "pk": 6,
    "fields": {
        "src": "products/product_7/images/EVKEY_EKIY_MTC-10DVR.jpg",
        "alt": "EVKEY EKIY MTC-10+DVR.jpg",
        "product": 7
    }
},
{
    "model": "products_app.productimage",
    "pk": 7,
    "fields": {
        "src": "products/product_18/images/Hi-Fi_блютуз_колонка_RAINBO.jpg",
        "alt": "Hi-Fi блютуз колонка RAINBO.jpg",
        "product": 18
    }
},
{
    "model": "products_app.productimage",
    "pk": 8,
    "fields": {
        "src": "products/product_17/images/iRU_Системный_блок_310H6SM.jpg",
        "alt": "iRU Системный блок 310H6SM.jpg",
        "product": 17
    }
},
{
    "model": "products_app.productimage",
    "pk": 9,
    "fields": {
        "src": "products/product_19/images/JBL_Flip_6.jpg",
        "alt": "JBL Flip 6.jpg",
        "product": 19
    }
},
{
    "model": "products_app.productimage",
    "pk": 10,
    "fields": {
        "src": "products/product_20/images/Marshall_Major_IV.jpg",
        "alt": "Marshall Major IV.jpg",
        "product": 20
    }
},
{
    "model": "products_app.productimage",
    "pk": 11,
    "fields": {
        "src": "products/product_6/images/Navitel_N500.jpg",
        "alt": "Navitel N500.jpg",
        "product": 6
    }
},
{
    "model": "products_app.productimage",
    "pk": 12,
    "fields": {
        "src": "products/product_9/images/PlayStation_5.jpg",
        "alt": "PlayStation 5.jpg",
        "product": 9
    }
},
{
    "model": "products_app.productimage",
    "pk": 13,
    "fields": {
        "src": "products/product_8/images/Игровая_приставка_SEGA_16bit.jpg",
        "alt": "Игровая приставка SEGA 16bit.jpg",
        "product": 8
    }
},
{
    "model": "products_app.productimage",
    "pk": 14,
    "fields": {
        "src": "products/product_3/images/Игровой_ноутбук_UOHUO_Gaming.jpg",
        "alt": "Игровой ноутбук UOHUO Gaming.jpg",
        "product": 3
    }
},
{
    "model": "products_app.productimage",
    "pk": 15,
    "fields": {
        "src": "products/product_12/images/Квадрокоптер_C-Fly.jpg",
        "alt": "Квадрокоптер C-Fly.jpg",
        "product": 12
    }
},
{
    "model": "products_app.productimage",
    "pk": 16,
    "fields": {
        "src": "products/product_13/images/Квадрокоптер_Syma_W3.jpg",
        "alt": "Квадрокоптер Syma W3.jpg",
        "product": 13
    }
},
{
    "model": "products_app.productimage",
    "pk": 17,
    "fields": {
        "src": "products/product_5/images/Маяк_АвтоОко24_BEACON.jpg",
        "alt": "Маяк АвтоОко24 BEACON.jpg",
        "product": 5
    }
},
{
    "model": "products_app.productimage",
    "pk": 18,
    "fields": {
        "src": "products/product_26/images/Медиаплеер_HK1_RBOX.jpg",
        "alt": "Медиаплеер HK1 RBOX.jpg",
        "product": 26
    }
},
{
    "model": "products_app.productimage",
    "pk": 19,
    "fields": {
        "src": "products/product_27/images/Медиаплеер_Homatics_Box_R.jpg",
        "alt": "Медиаплеер Homatics Box R.jpg",
        "product": 27
    }
},
{
    "model": "products_app.productimage",
    "pk": 20,
    "fields": {
        "src": "products/product_23/images/Микроскоп_Dewang_CSW02.jpg",
        "alt": "Микроскоп Dewang CSW02.jpg",
        "product": 23
    }
},
{
    "model": "products_app.productimage",
    "pk": 21,
    "fields": {
        "src": "products/product_22/images/Микроскоп_цифровой_Skymart_BeaverLab_M2B.jpg",
        "alt": "Микроскоп цифровой Skymart BeaverLab M2B.jpg",
        "product": 22
    }
},
{
    "model": "products_app.productimage",
    "pk": 22,
    "fields": {
        "src": "products/product_14/images/Монитор_JBEE_27.jpg",
        "alt": "Монитор JBEE 27.jpg",
        "product": 14
    }
},
{
    "model": "products_app.productimage",
    "pk": 23,
    "fields": {
        "src": "products/product_15/images/Монитор_Xiaomi_27.jpg",
        "alt": "Монитор Xiaomi 27.jpg",
        "product": 15
    }
},
{
    "model": "products_app.productimage",
    "pk": 24,
    "fields": {
        "src": "products/product_21/images/Наушники_JBL_T720BT.jpg",
        "alt": "Наушники JBL T720BT.jpg",
        "product": 21
    }
},
{
    "model": "products_app.productimage",
    "pk": 25,
    "fields": {
        "src": "products/product_16/images/Системный_блок_PC_Black__White.jpg",
        "alt": "Системный блок PC Black & White.jpg",
        "product": 16
    }
},
{
    "model": "products_app.productimage",
    "pk": 26,
    "fields": {
        "src": "products/product_4/images/Смарт-трекер_Ugreen_CM520.jpg",
        "alt": "Смарт-трекер Ugreen CM520.jpg",
        "product": 4
    }
},
{
    "model": "products_app.productimage",
    "pk": 27,
    "fields": {
        "src": "products/product_28/images/Телевизор_55V6B_55.jpg",
        "alt": "Телевизор 55V6B 55.jpg",
        "product": 28
    }
},
{
    "model": "products_app.productimage",
    "pk": 28,
    "fields": {
        "src": "products/product_24/images/Телескоп_F36050.jpg",
        "alt": "Телескоп F36050.jpg",
        "product": 24
    }
},
{
    "model": "products_app.productimage",
    "pk": 29,
    "fields": {
        "src": "products/product_25/images/Телескоп_астрономический_BOSSDAN.jpg",
        "alt": "Телескоп астрономический BOSSDAN.jpg",
        "product": 25
    }
},
{
    "model": "products_app.productimage",
    "pk": 30,
    "fields": {
        "src": "products/product_30/images/system_blok.jpg",
        "alt": "system_blok.jpg",
        "product": 30
    }
},
{
    "model": "products_app.productspecification",
    "pk": 1,
    "fields": {
        "name": "Операционная система",
        "value": "Windows 11 Home",
        "product": 1
    }
},
{
    "model": "products_app.productspecification",
    "pk": 2,
    "fields": {
        "name": "Процессор",
        "value": "Intel Core i7-13620H, 10 ядер (6 производительных и 4 эффективных), частота до 4.9 ГГц",
        "product": 1
    }
},
{
    "model": "products_app.productspecification",
    "pk": 3,
    "fields": {
        "name": "Видеокарта",
        "value": "NVIDIA GeForce RTX 4070 (8 ГБ GDDR6), поддержка технологий ROG Boost и Dynamic Boost",
        "product": 1
    }
},
{
    "model": "products_app.productspecification",
    "pk": 4,
    "fields": {
        "name": "Оперативная память",
        "value": "16 ГБ DDR4",
        "product": 1
    }
},
{
    "model": "products_app.productspecification",
    "pk": 5,
    "fields": {
        "name": "Накопитель",
        "value": "SSD 512 ГБ PCIe 4.0",
        "product": 1
    }
},
{
    "model": "products_app.productspecification",
    "pk": 6,
    "fields": {
        "name": "Экран",
        "value": "16-дюймовый IPS-дисплей, разрешение WUXGA (1920x1200), соотношение сторон 16:10",
        "product": 1
    }
},
{
    "model": "products_app.productspecification",
    "pk": 7,
    "fields": {
        "name": "Покрытие экрана",
        "value": "Матовое",
        "product": 1
    }
},
{
    "model": "products_app.productspecification",
    "pk": 8,
    "fields": {
        "name": "Яркость дисплея",
        "value": "500 нит",
        "product": 1
    }
},
{
    "model": "products_app.productspecification",
    "pk": 9,
    "fields": {
        "name": "Аккумулятор",
        "value": "90 Вт·ч, поддержка быстрой зарядки через USB-C",
        "product": 1
    }
},
{
    "model": "products_app.productspecification",
    "pk": 10,
    "fields": {
        "name": "Габариты",
        "value": "354 x 246 x 19.9 мм",
        "product": 1
    }
},
{
    "model": "products_app.productspecification",
    "pk": 11,
    "fields": {
        "name": "Вес",
        "value": "2 кг",
        "product": 1
    }
},
{
    "model": "products_app.productspecification",
    "pk": 12,
    "fields": {
        "name": "Интерфейсы и разъемы",
        "value": "1 x Thunderbolt 4. 2 x USB 3.2 Gen2 Type-A. 1 x HDMI 2.1. 1 x комбинированный аудиоразъем (3.5 мм)",
        "product": 1
    }
},
{
    "model": "products_app.productspecification",
    "pk": 13,
    "fields": {
        "name": "Ethernet-порт",
        "value": "RJ45",
        "product": 1
    }
},
{
    "model": "products_app.productspecification",
    "pk": 14,
    "fields": {
        "name": "Слот для карт памяти",
        "value": "microSD",
        "product": 1
    }
},
{
    "model": "products_app.productspecification",
    "pk": 15,
    "fields": {
        "name": "Процессор",
        "value": "Intel Core AMD Ryzen 5 7535HS, обеспечивающий быструю работу в любых задачах",
        "product": 2
    }
},
{
    "model": "products_app.productspecification",
    "pk": 16,
    "fields": {
        "name": "Оперативная память",
        "value": "16 ГБ, что позволяет запускать множество приложений одновременно",
        "product": 2
    }
},
{
    "model": "products_app.productspecification",
    "pk": 17,
    "fields": {
        "name": "Накопитель",
        "value": "SSD на 512 ГБ для быстрой загрузки операционной системы и хранения файлов",
        "product": 2
    }
},
{
    "model": "products_app.productspecification",
    "pk": 18,
    "fields": {
        "name": "Видеокарта",
        "value": "NVIDIA GeForce RTX 2050 с 4 ГБ видеопамяти для плавного воспроизведения графики в играх и приложения",
        "product": 2
    }
},
{
    "model": "products_app.productspecification",
    "pk": 19,
    "fields": {
        "name": "Экран",
        "value": "15,6-дюймовый IPS с разрешением 1920x1080 пикселей, который обеспечивает четкое и яркое изображение",
        "product": 2
    }
},
{
    "model": "products_app.productspecification",
    "pk": 20,
    "fields": {
        "name": "Аккумулятор",
        "value": "емкий аккумулятор, обеспечивающий длительное время работы без подзарядки",
        "product": 2
    }
},
{
    "model": "products_app.productspecification",
    "pk": 21,
    "fields": {
        "name": "экран",
        "value": "15.6 дюймов",
        "product": 3
    }
},
{
    "model": "products_app.productspecification",
    "pk": 22,
    "fields": {
        "name": "процессор",
        "value": "AMD Ryzen 7 5825U",
        "product": 3
    }
},
{
    "model": "products_app.productspecification",
    "pk": 23,
    "fields": {
        "name": "оперативная память",
        "value": "32 ГБ",
        "product": 3
    }
},
{
    "model": "products_app.productspecification",
    "pk": 24,
    "fields": {
        "name": "SSD",
        "value": "1024 ГБ",
        "product": 3
    }
},
{
    "model": "products_app.productspecification",
    "pk": 25,
    "fields": {
        "name": "видеокарта",
        "value": "AMD Radeon Graphics",
        "product": 3
    }
},
{
    "model": "products_app.productspecification",
    "pk": 26,
    "fields": {
        "name": "операционная система",
        "value": "Windows Pro",
        "product": 3
    }
},
{
    "model": "products_app.productspecification",
    "pk": 27,
    "fields": {
        "name": "цвет",
        "value": "серый металлик",
        "product": 3
    }
},
{
    "model": "products_app.productspecification",
    "pk": 28,
    "fields": {
        "name": "Диагональ",
        "value": "55\"",
        "product": 29
    }
},
{
    "model": "products_app.productspecification",
    "pk": 29,
    "fields": {
        "name": "Разрешение",
        "value": "4K UHD",
        "product": 29
    }
},
{
    "model": "products_app.productspecification",
    "pk": 30,
    "fields": {
        "name": "Цвет",
        "value": "черный",
        "product": 29
    }
},
{
    "model": "products_app.productspecification",
    "pk": 31,
    "fields": {
        "name": "Процессор",
        "value": "Intel Core i3-12100",
        "product": 17
    }
},
{
    "model": "products_app.productspecification",
    "pk": 32,
    "fields": {
        "name": "Оперативная память",
        "value": "8 ГБ",
        "product": 17
    }
},
{
    "model": "products_app.productspecification",
    "pk": 33,
    "fields": {
        "name": "SSD",
        "value": "256 ГБ",
        "product": 17
    }
},
{
    "model": "products_app.productspecification",
    "pk": 34,
    "fields": {
        "name": "Видеокарта",
        "value": "Intel UHD Graphics 730",
        "product": 17
    }
},
{
    "model": "products_app.productspecification",
    "pk": 35,
    "fields": {
        "name": "Операционная система",
        "value": "FreeDOS",
        "product": 17
    }
},
{
    "model": "products_app.productspecification",
    "pk": 36,
    "fields": {
        "name": "Цвет корпуса",
        "value": "черный",
        "product": 17
    }
},
{
    "model": "products_app.productspecification",
    "pk": 37,
    "fields": {
        "name": "Bluetooth",
        "value": "есть",
        "product": 20
    }
},
{
    "model": "products_app.productspecification",
    "pk": 38,
    "fields": {
        "name": "Разъем 3.5",
        "value": "есть",
        "product": 20
    }
},
{
    "model": "products_app.productspecification",
    "pk": 39,
    "fields": {
        "name": "Время работы",
        "value": "80 ч",
        "product": 20
    }
},
{
    "model": "products_app.productspecification",
    "pk": 40,
    "fields": {
        "name": "Операционная система",
        "value": "Linux",
        "product": 6
    }
},
{
    "model": "products_app.productspecification",
    "pk": 41,
    "fields": {
        "name": "Процессор",
        "value": "MStar MSB2531A Cortex-A7",
        "product": 6
    }
},
{
    "model": "products_app.productspecification",
    "pk": 42,
    "fields": {
        "name": "Частота процессора",
        "value": "800 МГц",
        "product": 6
    }
},
{
    "model": "products_app.productspecification",
    "pk": 43,
    "fields": {
        "name": "Тип батареи",
        "value": "встроенный литий-ионный",
        "product": 6
    }
},
{
    "model": "products_app.productspecification",
    "pk": 44,
    "fields": {
        "name": "Емкость аккумулятора",
        "value": "950 мАч",
        "product": 6
    }
},
{
    "model": "products_app.productspecification",
    "pk": 45,
    "fields": {
        "name": "SSD",
        "value": "1 ТБ",
        "product": 9
    }
},
{
    "model": "products_app.productspecification",
    "pk": 46,
    "fields": {
        "name": "Канал правлениия",
        "value": "радио",
        "product": 12
    }
},
{
    "model": "products_app.productspecification",
    "pk": 47,
    "fields": {
        "name": "Количество камер",
        "value": "2",
        "product": 12
    }
},
{
    "model": "products_app.productspecification",
    "pk": 48,
    "fields": {
        "name": "GPS",
        "value": "есть",
        "product": 12
    }
},
{
    "model": "products_app.productspecification",
    "pk": 49,
    "fields": {
        "name": "Качество камер",
        "value": "4K, HD",
        "product": 12
    }
},
{
    "model": "products_app.productspecification",
    "pk": 50,
    "fields": {
        "name": "вес",
        "value": "249 грамм",
        "product": 12
    }
},
{
    "model": "products_app.productspecification",
    "pk": 51,
    "fields": {
        "name": "zoom",
        "value": "4x",
        "product": 12
    }
},
{
    "model": "products_app.productspecification",
    "pk": 52,
    "fields": {
        "name": "угол обзора",
        "value": "120",
        "product": 12
    }
},
{
    "model": "products_app.productspecification",
    "pk": 53,
    "fields": {
        "name": "моторы",
        "value": "2206-1500KV",
        "product": 11
    }
},
{
    "model": "products_app.productspecification",
    "pk": 54,
    "fields": {
        "name": "количество пропеллеров",
        "value": "4",
        "product": 11
    }
},
{
    "model": "products_app.productspecification",
    "pk": 55,
    "fields": {
        "name": "процессор",
        "value": "Intel Core Ultra 9-285K",
        "product": 30
    }
},
{
    "model": "products_app.productspecification",
    "pk": 56,
    "fields": {
        "name": "оперативная память",
        "value": "32GB DDR5",
        "product": 30
    }
},
{
    "model": "products_app.productspecification",
    "pk": 57,
    "fields": {
        "name": "видео карта",
        "value": "GeForce RTX 5080 16Gb",
        "product": 30
    }
},
{
    "model": "products_app.productreview",
    "pk": 1,
    "fields": {
        "user": 6,
        "product": 11,
        "author": "Bob Sendler",
        "email": "bob@rambler.com",
        "text": "Best HQPROP",
        "rate": 5,
        "date": "2025-04-09T15:51:51.680Z"
    }
},
{
    "model": "products_app.productreview",
    "pk": 2,
    "fields": {
        "user": 7,
        "product": 11,
        "author": "Nick Groover",
        "email": "nick@email.com",
        "text": "poor quality",
        "rate": 1,
        "date": "2025-04-09T15:53:09.828Z"
    }
},
{
    "model": "products_app.productreview",
    "pk": 4,
    "fields": {
        "user": 5,
        "product": 11,
        "author": "Matteu Dawson",
        "email": "mat@example.com",
        "text": "awesome",
        "rate": 2,
        "date": "2025-04-09T15:57:28.332Z"
    }
},
{
    "model": "products_app.productreview",
    "pk": 7,
    "fields": {
        "user": 9,
        "product": 6,
        "author": "Daniel Craig",
        "email": "daniel@mail.com",
        "text": "best product",
        "rate": 5,
        "date": "2025-04-12T20:41:50.616Z"
    }
},
{
    "model": "products_app.productreview",
    "pk": 16,
    "fields": {
        "user": 6,
        "product": 3,
        "author": "Bob Sendler",
        "email": "bob@rambler.com",
        "text": "rewrewrwerewrwerwerewrwerwer",
        "rate": 4,
        "date": "2025-04-12T22:48:52.319Z"
    }
},
{
    "model": "products_app.productreview",
    "pk": 17,
    "fields": {
        "user": 9,
        "product": 8,
        "author": "Daniel Craig",
        "email": "daniel@mail.com",
        "text": "Classic games",
        "rate": 5,
        "date": "2025-05-02T19:00:11.053Z"
    }
},
{
    "model": "products_app.productreview",
    "pk": 18,
    "fields": {
        "user": 7,
        "product": 9,
        "author": "Nick Groover",
        "email": "nick@email.com",
        "text": "Best gaming pad ever i now",
        "rate": 5,
        "date": "2025-05-25T16:39:32.186Z"
    }
},
{
    "model": "products_app.productreview",
    "pk": 19,
    "fields": {
        "user": 5,
        "product": 26,
        "author": "Matteu Dawson",
        "email": "mat@example.com",
        "text": ")))))))",
        "rate": 5,
        "date": "2025-05-31T19:16:37.764Z"
    }
},
{
    "model": "products_app.productreview",
    "pk": 20,
    "fields": {
        "user": 9,
        "product": 18,
        "author": "Daniel Craig",
        "email": "daniel@mail.com",
        "text": "Nice speaker",
        "rate": 4,
        "date": "2025-06-01T07:44:25.984Z"
    }
},
{
    "model": "products_app.productreview",
    "pk": 21,
    "fields": {
        "user": 6,
        "product": 30,
        "author": "Bob Sendler",
        "email": "bob@rambler.com",
        "text": "Просто монстр",
        "rate": 5,
        "date": "2025-08-16T13:27:27.700Z"
    }
},
{
    "model": "products_app.productreview",
    "pk": 22,
    "fields": {
        "user": 1,
        "product": 24,
        "author": "John Conor",
        "email": "admin@gmail.com",
        "text": "Лучший рефрактор",
        "rate": 5,
        "date": "2025-08-16T18:50:26.776Z"
    }
},
{
    "model": "products_app.productreview",
    "pk": 23,
    "fields": {
        "user": 1,
        "product": 2,
        "author": "John Conor",
        "email": "admin@gmail.com",
        "text": "rewrewrwerewrwerwerewrwerwer",
        "rate": 4,
        "date": "2025-08-16T19:58:06.869Z"
    }
},
{
    "model": "products_app.productreview",
    "pk": 24,
    "fields": {
        "user": 1,
        "product": 1,
        "author": "John Conor",
        "email": "admin@gmail.com",
        "text": "rewrewrwerewrwerwerewrwerwer",
        "rate": 4,
        "date": "2025-08-16T19:58:22.710Z"
    }
},
{
    "model": "products_app.productreview",
    "pk": 25,
    "fields": {
        "user": 1,
        "product": 9,
        "author": "John Conor",
        "email": "admin@gmail.com",
        "text": "Best console",
        "rate": 5,
        "date": "2025-08-23T07:10:15.351Z"
    }
},
{
    "model": "products_app.sales",
    "pk": 1,
    "fields": {
        "name": "Black Friday",
        "description": "Ежегодная распродажа, во время которой магазины предлагают скидки и устраивают акции на свои товары и услуги.\r\nТрадиция большой распродажи в конце ноября пришла в Россию из США, где «Черную пятницу» или Black Friday проводят на следующий день после Дня Благодарения (он празднуется в последний четверг ноября).",
        "is_active": true
    }
},
{
    "model": "products_app.saleitems",
    "pk": 1,
    "fields": {
        "sale": 1,
        "product": 8,
        "discount": 50,
        "dateFrom": "2025-05-18",
        "dateTo": "2025-09-15",
        "is_active": true
    }
},
{
    "model": "products_app.saleitems",
    "pk": 2,
    "fields": {
        "sale": 1,
        "product": 18,
        "discount": 30,
        "dateFrom": "2025-05-18",
        "dateTo": "2025-09-30",
        "is_active": true
    }
},
{
    "model": "products_app.saleitems",
    "pk": 3,
    "fields": {
        "sale": 1,
        "product": 28,
        "discount": 20,
        "dateFrom": "2025-05-18",
        "dateTo": "2025-10-12",
        "is_active": true
    }
},
{
    "model": "products_app.saleitems",
    "pk": 4,
    "fields": {
        "sale": 1,
        "product": 1,
        "discount": 65,
        "dateFrom": "2025-05-18",
        "dateTo": "2025-08-31",
        "is_active": true
    }
},
{
    "model": "tags_app.tag",
    "pk": 1,
    "fields": {
        "name": "Gaming",
        "products": [
            8,
            14,
            15,
            1,
            2,
            9,
            17,
            16
        ]
    }
},
{
    "model": "tags_app.tag",
    "pk": 2,
    "fields": {
        "name": "PC & accesories",
        "products": [
            14,
            15,
            21,
            17,
            30,
            16
        ]
    }
},
{
    "model": "tags_app.tag",
    "pk": 3,
    "fields": {
        "name": "Video",
        "products": [
            26,
            27,
            14,
            15,
            28,
            29
        ]
    }
},
{
    "model": "tags_app.tag",
    "pk": 4,
    "fields": {
        "name": "Science",
        "products": [
            23,
            22,
            24,
            25
        ]
    }
},
{
    "model": "tags_app.tag",
    "pk": 5,
    "fields": {
        "name": "Audio",
        "products": [
            18,
            19,
            21,
            20
        ]
    }
},
{
    "model": "tags_app.tag",
    "pk": 6,
    "fields": {
        "name": "Tracking",
        "products": [
            5,
            6,
            4
        ]
    }
},
{
    "model": "tags_app.tag",
    "pk": 7,
    "fields": {
        "name": "Copters",
        "products": [
            10,
            12,
            13,
            11
        ]
    }
},
{
    "model": "tags_app.tag",
    "pk": 8,
    "fields": {
        "name": "Notebooks",
        "products": [
            1,
            2,
            3
        ]
    }
},
{
    "model": "tags_app.tag",
    "pk": 9,
    "fields": {
        "name": "Avto",
        "products": [
            7,
            6,
            4
        ]
    }
},
{
    "model": "basket_app.basket",
    "pk": 2,
    "fields": {
        "user": 1,
        "session_key": null,
        "created_at": "2025-05-01T14:33:40.663Z",
        "updated_at": "2025-06-12T09:06:04.832Z"
    }
},
{
    "model": "basket_app.basket",
    "pk": 6,
    "fields": {
        "user": 6,
        "session_key": null,
        "created_at": "2025-05-05T17:56:09.099Z",
        "updated_at": "2025-05-31T14:37:27.389Z"
    }
},
{
    "model": "basket_app.basket",
    "pk": 24,
    "fields": {
        "user": 5,
        "session_key": null,
        "created_at": "2025-05-22T19:07:18.229Z",
        "updated_at": "2025-08-09T21:41:53.863Z"
    }
},
{
    "model": "basket_app.basket",
    "pk": 28,
    "fields": {
        "user": 7,
        "session_key": null,
        "created_at": "2025-05-23T14:40:01.532Z",
        "updated_at": "2025-06-12T14:44:55.449Z"
    }
},
{
    "model": "basket_app.basket",
    "pk": 53,
    "fields": {
        "user": 9,
        "session_key": null,
        "created_at": "2025-06-12T14:50:55.868Z",
        "updated_at": "2025-08-09T23:12:22.674Z"
    }
},
{
    "model": "basket_app.basket",
    "pk": 55,
    "fields": {
        "user": null,
        "session_key": "j7xron8t7nrjrmu78uxiewzwvt37wofd",
        "created_at": "2025-07-31T17:35:22.711Z",
        "updated_at": "2025-07-31T17:35:22.711Z"
    }
},
{
    "model": "basket_app.basket",
    "pk": 68,
    "fields": {
        "user": null,
        "session_key": "2zx1j2hqg345ohy49z0e3n2vtk9p5iz9",
        "created_at": "2025-08-10T17:32:52.488Z",
        "updated_at": "2025-08-10T17:32:52.488Z"
    }
},
{
    "model": "basket_app.basket",
    "pk": 70,
    "fields": {
        "user": null,
        "session_key": "1m4rujp5d7ype2cnay8y504ri5wefwxv",
        "created_at": "2025-08-14T19:11:58.811Z",
        "updated_at": "2025-08-14T19:11:58.811Z"
    }
},
{
    "model": "basket_app.basket",
    "pk": 71,
    "fields": {
        "user": null,
        "session_key": "m16v81orrbce08w9f8219rwrajt26hwf",
        "created_at": "2025-08-16T13:29:36.333Z",
        "updated_at": "2025-08-16T14:40:04.216Z"
    }
},
{
    "model": "basket_app.basket",
    "pk": 72,
    "fields": {
        "user": null,
        "session_key": "2dbavtzdbsdkgg53t7iy8rv2u5ryzxim",
        "created_at": "2025-08-16T19:45:33.104Z",
        "updated_at": "2025-08-16T19:45:33.104Z"
    }
},
{
    "model": "basket_app.basket",
    "pk": 73,
    "fields": {
        "user": null,
        "session_key": "dcf7g3goeac0mdgmond5zkmgdh48rmr5",
        "created_at": "2025-08-17T13:49:18.360Z",
        "updated_at": "2025-08-17T13:49:18.360Z"
    }
},
{
    "model": "basket_app.basket",
    "pk": 74,
    "fields": {
        "user": null,
        "session_key": "gg7e1eshreu1nrfqb0za8er35v01rnmr",
        "created_at": "2025-08-20T21:29:20.019Z",
        "updated_at": "2025-08-20T21:29:20.019Z"
    }
},
{
    "model": "basket_app.basketitem",
    "pk": 104,
    "fields": {
        "basket": 71,
        "product": 11,
        "quantity": 1,
        "added_at": "2025-08-16T14:40:04.197Z"
    }
},
{
    "model": "profile_app.profile",
    "pk": 3,
    "fields": {
        "user": 1,
        "fullName": "John Conor",
        "email": "admin@gmail.com",
        "phone": "88001234567",
        "available": true
    }
},
{
    "model": "profile_app.profile",
    "pk": 6,
    "fields": {
        "user": 6,
        "fullName": "Bob Sendler",
        "email": "bob@rambler.com",
        "phone": "89994563271",
        "available": true
    }
},
{
    "model": "profile_app.profile",
    "pk": 8,
    "fields": {
        "user": 5,
        "fullName": "Matteu Dawson",
        "email": "mat@example.com",
        "phone": "80700",
        "available": true
    }
},
{
    "model": "profile_app.profile",
    "pk": 9,
    "fields": {
        "user": 7,
        "fullName": "Nick Groover",
        "email": "nick@email.com",
        "phone": "89631478523",
        "available": true
    }
},
{
    "model": "profile_app.profile",
    "pk": 12,
    "fields": {
        "user": 9,
        "fullName": "Daniel Bowwie",
        "email": "dan3@mail.com",
        "phone": "79999994512",
        "available": true
    }
},
{
    "model": "profile_app.avatar",
    "pk": 31,
    "fields": {
        "profile": 3,
        "src": "users/user_1/profile/avatar/avatar5.png",
        "alt": "avatar5.png"
    }
},
{
    "model": "profile_app.avatar",
    "pk": 32,
    "fields": {
        "profile": 6,
        "src": "users/user_6/profile/avatar/avatar3.png",
        "alt": "avatar3.png"
    }
},
{
    "model": "profile_app.avatar",
    "pk": 33,
    "fields": {
        "profile": 8,
        "src": "users/user_5/profile/avatar/avatar1.png",
        "alt": "avatar1.png"
    }
},
{
    "model": "profile_app.avatar",
    "pk": 34,
    "fields": {
        "profile": 9,
        "src": "users/user_7/profile/avatar/avatar7.png",
        "alt": "avatar7.png"
    }
},
{
    "model": "profile_app.avatar",
    "pk": 35,
    "fields": {
        "profile": 12,
        "src": "users/user_9/profile/avatar/avatar6.png",
        "alt": "avatar6.png"
    }
},
{
    "model": "orders_app.order",
    "pk": 20,
    "fields": {
        "user": 1,
        "createdAt": "2025-05-11T10:16:21.468Z",
        "fullName": "John Walles",
        "email": "admin1@gmail.com",
        "phone": "88001234568",
        "deliveryType": "ORDINARY",
        "paymentType": "ONLINE",
        "totalCost": "3160.30",
        "status": "CONFIRMED",
        "city": "mosk",
        "address": "lenina",
        "available": true
    }
},
{
    "model": "orders_app.order",
    "pk": 21,
    "fields": {
        "user": 1,
        "createdAt": "2025-05-11T12:06:25.377Z",
        "fullName": "John Walles",
        "email": "admin1@gmail.com",
        "phone": "88001234568",
        "deliveryType": "ORDINARY",
        "paymentType": "ONLINE",
        "totalCost": "9640.30",
        "status": "CONFIRMED",
        "city": "novosib",
        "address": "pryanik",
        "available": true
    }
},
{
    "model": "orders_app.order",
    "pk": 22,
    "fields": {
        "user": 1,
        "createdAt": "2025-05-11T14:15:06.131Z",
        "fullName": "John Walles",
        "email": "admin1@gmail.com",
        "phone": "88001234568",
        "deliveryType": "ORDINARY",
        "paymentType": "ONLINE",
        "totalCost": "22006.00",
        "status": "CONFIRMED",
        "city": "sdfvsdfv",
        "address": "advadv",
        "available": true
    }
},
{
    "model": "orders_app.order",
    "pk": 23,
    "fields": {
        "user": 1,
        "createdAt": "2025-05-11T17:46:25.250Z",
        "fullName": "John Walles",
        "email": "admin1@gmail.com",
        "phone": "88001234568",
        "deliveryType": "ORDINARY",
        "paymentType": "ONLINE",
        "totalCost": "10858.00",
        "status": "CONFIRMED",
        "city": "Moscow",
        "address": "Lenina 52",
        "available": true
    }
},
{
    "model": "orders_app.order",
    "pk": 24,
    "fields": {
        "user": 1,
        "createdAt": "2025-05-11T17:56:23.322Z",
        "fullName": "John Walles",
        "email": "admin1@gmail.com",
        "phone": "88001234568",
        "deliveryType": "ORDINARY",
        "paymentType": "ONLINE",
        "totalCost": "1841.00",
        "status": "CONFIRMED",
        "city": "SPB",
        "address": "Nevskiy 21",
        "available": true
    }
},
{
    "model": "orders_app.order",
    "pk": 25,
    "fields": {
        "user": 1,
        "createdAt": "2025-05-11T19:13:43.783Z",
        "fullName": "John Walles",
        "email": "admin1@gmail.com",
        "phone": "88001234568",
        "deliveryType": "ORDINARY",
        "paymentType": "ONLINE",
        "totalCost": "7185.00",
        "status": "CONFIRMED",
        "city": "Saratov",
        "address": "Karlova 32",
        "available": true
    }
},
{
    "model": "orders_app.order",
    "pk": 26,
    "fields": {
        "user": 1,
        "createdAt": "2025-05-11T19:14:42.907Z",
        "fullName": "John Walles",
        "email": "admin1@gmail.com",
        "phone": "88001234568",
        "deliveryType": "ORDINARY",
        "paymentType": "ONLINE",
        "totalCost": "7185.00",
        "status": "CONFIRMED",
        "city": "zdvfsd",
        "address": "adsvav",
        "available": true
    }
},
{
    "model": "orders_app.order",
    "pk": 27,
    "fields": {
        "user": 1,
        "createdAt": "2025-05-11T19:20:28.997Z",
        "fullName": "John Walles",
        "email": "admin1@gmail.com",
        "phone": "88001234568",
        "deliveryType": "ORDINARY",
        "paymentType": "ONLINE",
        "totalCost": "7185.00",
        "status": "CONFIRMED",
        "city": "sfgbs",
        "address": "erg",
        "available": true
    }
},
{
    "model": "orders_app.order",
    "pk": 28,
    "fields": {
        "user": 1,
        "createdAt": "2025-05-11T19:23:20.050Z",
        "fullName": "John Walles",
        "email": "admin1@gmail.com",
        "phone": "88001234568",
        "deliveryType": "ORDINARY",
        "paymentType": "SOMEONE",
        "totalCost": "7185.00",
        "status": "AWAITING_PAYMENT",
        "city": "DS",
        "address": "asdSD",
        "available": true
    }
},
{
    "model": "orders_app.order",
    "pk": 29,
    "fields": {
        "user": 1,
        "createdAt": "2025-05-11T20:07:20.775Z",
        "fullName": "John Walles",
        "email": "admin1@gmail.com",
        "phone": "88001234568",
        "deliveryType": "ORDINARY",
        "paymentType": "ONLINE",
        "totalCost": "30327.00",
        "status": "PAIDED",
        "city": "Panama",
        "address": "Nilson str 21",
        "available": true
    }
},
{
    "model": "orders_app.order",
    "pk": 30,
    "fields": {
        "user": 1,
        "createdAt": "2025-05-11T20:15:08.906Z",
        "fullName": "John Walles",
        "email": "admin1@gmail.com",
        "phone": "88001234568",
        "deliveryType": "ORDINARY",
        "paymentType": "ONLINE",
        "totalCost": "33003.00",
        "status": "PAIDED",
        "city": "New rino",
        "address": "Liswer str. 34",
        "available": true
    }
},
{
    "model": "orders_app.order",
    "pk": 31,
    "fields": {
        "user": 1,
        "createdAt": "2025-05-13T17:45:06.544Z",
        "fullName": "John Walles",
        "email": "admin1@gmail.com",
        "phone": "88001234568",
        "deliveryType": "ORDINARY",
        "paymentType": "ONLINE",
        "totalCost": "43478.30",
        "status": "PAIDED",
        "city": "Perm",
        "address": "Gogolya 23",
        "available": true
    }
},
{
    "model": "orders_app.order",
    "pk": 32,
    "fields": {
        "user": 1,
        "createdAt": "2025-05-13T18:32:59.599Z",
        "fullName": "John Walles",
        "email": "admin1@gmail.com",
        "phone": "88001234568",
        "deliveryType": "ORDINARY",
        "paymentType": "ONLINE",
        "totalCost": "3782.00",
        "status": "PAIDED",
        "city": null,
        "address": null,
        "available": true
    }
},
{
    "model": "orders_app.order",
    "pk": 34,
    "fields": {
        "user": 1,
        "createdAt": "2025-05-13T19:13:57.042Z",
        "fullName": "John Walles",
        "email": "admin1@gmail.com",
        "phone": "88001234568",
        "deliveryType": "ORDINARY",
        "paymentType": "ONLINE",
        "totalCost": "6313.00",
        "status": "PAIDED",
        "city": "Damask",
        "address": "Apple Avenyu 21",
        "available": true
    }
},
{
    "model": "orders_app.order",
    "pk": 35,
    "fields": {
        "user": 6,
        "createdAt": "2025-05-21T18:46:51.709Z",
        "fullName": "Bob Sendler",
        "email": "bob@rambler.com",
        "phone": "89994563271",
        "deliveryType": "ORDINARY",
        "paymentType": "ONLINE",
        "totalCost": "9953.00",
        "status": "PAIDED",
        "city": "czxcZx",
        "address": "fgnfgn",
        "available": true
    }
},
{
    "model": "orders_app.order",
    "pk": 36,
    "fields": {
        "user": 6,
        "createdAt": "2025-05-22T17:11:07.631Z",
        "fullName": "Bob Sendler",
        "email": "bob@rambler.com",
        "phone": "89994563271",
        "deliveryType": "ORDINARY",
        "paymentType": "ONLINE",
        "totalCost": "35939.00",
        "status": "PAIDED",
        "city": "Virginia",
        "address": "Lorem str 12",
        "available": true
    }
},
{
    "model": "orders_app.order",
    "pk": 37,
    "fields": {
        "user": 5,
        "createdAt": "2025-05-22T19:07:07.701Z",
        "fullName": "fvzvzdv",
        "email": "vdasdas@mail.com",
        "phone": "79227896545",
        "deliveryType": "ORDINARY",
        "paymentType": "ONLINE",
        "totalCost": "31849.00",
        "status": "PAIDED",
        "city": "dfv",
        "address": "dva",
        "available": true
    }
},
{
    "model": "orders_app.order",
    "pk": 38,
    "fields": {
        "user": 5,
        "createdAt": "2025-05-22T20:06:44.451Z",
        "fullName": "Mat Falcon",
        "email": "mat@email.com",
        "phone": "89631475263",
        "deliveryType": "ORDINARY",
        "paymentType": "ONLINE",
        "totalCost": "8312.00",
        "status": "PAIDED",
        "city": "fvvszvd",
        "address": "zdfvavf",
        "available": true
    }
},
{
    "model": "orders_app.order",
    "pk": 39,
    "fields": {
        "user": 5,
        "createdAt": "2025-05-22T20:10:38.406Z",
        "fullName": "Mat Falcon",
        "email": "mat@email.com",
        "phone": "89631475263",
        "deliveryType": "ORDINARY",
        "paymentType": "ONLINE",
        "totalCost": "0.00",
        "status": "NEW",
        "city": null,
        "address": null,
        "available": true
    }
},
{
    "model": "orders_app.order",
    "pk": 40,
    "fields": {
        "user": null,
        "createdAt": "2025-05-23T14:39:47.303Z",
        "fullName": null,
        "email": null,
        "phone": null,
        "deliveryType": "ORDINARY",
        "paymentType": "ONLINE",
        "totalCost": "0.00",
        "status": "NEW",
        "city": null,
        "address": null,
        "available": true
    }
},
{
    "model": "orders_app.order",
    "pk": 41,
    "fields": {
        "user": null,
        "createdAt": "2025-05-23T15:09:16.492Z",
        "fullName": null,
        "email": null,
        "phone": null,
        "deliveryType": "ORDINARY",
        "paymentType": "ONLINE",
        "totalCost": "0.00",
        "status": "NEW",
        "city": null,
        "address": null,
        "available": true
    }
},
{
    "model": "orders_app.order",
    "pk": 42,
    "fields": {
        "user": 7,
        "createdAt": "2025-05-23T15:31:49.244Z",
        "fullName": "Nick Groover",
        "email": "nick@email.com",
        "phone": "89631478523",
        "deliveryType": "ORDINARY",
        "paymentType": "ONLINE",
        "totalCost": "10209.00",
        "status": "PAIDED",
        "city": "sdfvfvsdf",
        "address": "fdvdfvsfv 12",
        "available": true
    }
},
{
    "model": "orders_app.order",
    "pk": 43,
    "fields": {
        "user": 1,
        "createdAt": "2025-05-23T17:40:35.750Z",
        "fullName": "John Walles",
        "email": "admin1@gmail.com",
        "phone": "88001234568",
        "deliveryType": "ORDINARY",
        "paymentType": "ONLINE",
        "totalCost": "16485.00",
        "status": "PAIDED",
        "city": "London",
        "address": "Downing str 23",
        "available": true
    }
},
{
    "model": "orders_app.order",
    "pk": 44,
    "fields": {
        "user": 6,
        "createdAt": "2025-05-23T17:47:37.905Z",
        "fullName": "Bob Sendler",
        "email": "bob@rambler.com",
        "phone": "89994563271",
        "deliveryType": "ORDINARY",
        "paymentType": "SOMEONE",
        "totalCost": "15270.00",
        "status": "PAIDED",
        "city": "vsdfv",
        "address": "dfvsfdv",
        "available": true
    }
},
{
    "model": "orders_app.order",
    "pk": 45,
    "fields": {
        "user": null,
        "createdAt": "2025-05-31T13:09:55.408Z",
        "fullName": null,
        "email": null,
        "phone": null,
        "deliveryType": "ORDINARY",
        "paymentType": "ONLINE",
        "totalCost": "0.00",
        "status": "NEW",
        "city": null,
        "address": null,
        "available": true
    }
},
{
    "model": "orders_app.order",
    "pk": 46,
    "fields": {
        "user": 6,
        "createdAt": "2025-05-31T13:10:22.351Z",
        "fullName": "Bob Sendler",
        "email": "bob@rambler.com",
        "phone": "89994563271",
        "deliveryType": "ORDINARY",
        "paymentType": "ONLINE",
        "totalCost": "23821.00",
        "status": "PAIDED",
        "city": "London",
        "address": "Downing str.78",
        "available": true
    }
},
{
    "model": "orders_app.order",
    "pk": 47,
    "fields": {
        "user": 6,
        "createdAt": "2025-05-31T14:05:05.041Z",
        "fullName": "Bob Sendler",
        "email": "bob@rambler.com",
        "phone": "89994563271",
        "deliveryType": "ORDINARY",
        "paymentType": "SOMEONE",
        "totalCost": "0.00",
        "status": "CONFIRMED",
        "city": "Galich",
        "address": "Por 12",
        "available": true
    }
},
{
    "model": "orders_app.order",
    "pk": 48,
    "fields": {
        "user": 6,
        "createdAt": "2025-05-31T14:35:40.389Z",
        "fullName": "Bob Sendler",
        "email": "bob@rambler.com",
        "phone": "89994563271",
        "deliveryType": "ORDINARY",
        "paymentType": "SOMEONE",
        "totalCost": "0.00",
        "status": "CONFIRMED",
        "city": "sdfsdfv",
        "address": "sfdvsfd",
        "available": true
    }
},
{
    "model": "orders_app.order",
    "pk": 49,
    "fields": {
        "user": 6,
        "createdAt": "2025-05-31T14:37:32.293Z",
        "fullName": "Bob Sendler",
        "email": "bob@rambler.com",
        "phone": "89994563271",
        "deliveryType": "ORDINARY",
        "paymentType": "SOMEONE",
        "totalCost": "0.00",
        "status": "AWAITING_PAYMENT",
        "city": "zdvz",
        "address": "zvzv",
        "available": true
    }
},
{
    "model": "orders_app.order",
    "pk": 50,
    "fields": {
        "user": null,
        "createdAt": "2025-06-01T10:18:20.692Z",
        "fullName": null,
        "email": null,
        "phone": null,
        "deliveryType": "ORDINARY",
        "paymentType": "ONLINE",
        "totalCost": "0.00",
        "status": "NEW",
        "city": null,
        "address": null,
        "available": true
    }
},
{
    "model": "orders_app.order",
    "pk": 51,
    "fields": {
        "user": 1,
        "createdAt": "2025-06-01T10:44:44.225Z",
        "fullName": "John Walles",
        "email": "admin1@gmail.com",
        "phone": "88001234568",
        "deliveryType": "ORDINARY",
        "paymentType": "ONLINE",
        "totalCost": "6313.00",
        "status": "PAIDED",
        "city": "London",
        "address": "Port str 12",
        "available": true
    }
},
{
    "model": "orders_app.order",
    "pk": 52,
    "fields": {
        "user": null,
        "createdAt": "2025-06-01T11:34:07.978Z",
        "fullName": null,
        "email": null,
        "phone": null,
        "deliveryType": "ORDINARY",
        "paymentType": "ONLINE",
        "totalCost": "0.00",
        "status": "NEW",
        "city": null,
        "address": null,
        "available": true
    }
},
{
    "model": "orders_app.order",
    "pk": 53,
    "fields": {
        "user": 7,
        "createdAt": "2025-06-01T12:03:10.385Z",
        "fullName": "Nick Groover",
        "email": "nick@email.com",
        "phone": "89631478523",
        "deliveryType": "ORDINARY",
        "paymentType": "ONLINE",
        "totalCost": "770.15",
        "status": "PAIDED",
        "city": "NY",
        "address": "Farm str 12",
        "available": true
    }
},
{
    "model": "orders_app.order",
    "pk": 54,
    "fields": {
        "user": null,
        "createdAt": "2025-06-01T12:11:35.507Z",
        "fullName": null,
        "email": null,
        "phone": null,
        "deliveryType": "ORDINARY",
        "paymentType": "ONLINE",
        "totalCost": "0.00",
        "status": "NEW",
        "city": null,
        "address": null,
        "available": true
    }
},
{
    "model": "orders_app.order",
    "pk": 55,
    "fields": {
        "user": null,
        "createdAt": "2025-06-01T12:21:02.465Z",
        "fullName": null,
        "email": null,
        "phone": null,
        "deliveryType": "ORDINARY",
        "paymentType": "ONLINE",
        "totalCost": "0.00",
        "status": "NEW",
        "city": null,
        "address": null,
        "available": true
    }
},
{
    "model": "orders_app.order",
    "pk": 56,
    "fields": {
        "user": null,
        "createdAt": "2025-06-01T12:21:34.199Z",
        "fullName": null,
        "email": null,
        "phone": null,
        "deliveryType": "ORDINARY",
        "paymentType": "ONLINE",
        "totalCost": "0.00",
        "status": "NEW",
        "city": null,
        "address": null,
        "available": true
    }
},
{
    "model": "orders_app.order",
    "pk": 57,
    "fields": {
        "user": 7,
        "createdAt": "2025-06-01T12:55:56.705Z",
        "fullName": "Nick Groover",
        "email": "nick@email.com",
        "phone": "89631478523",
        "deliveryType": "ORDINARY",
        "paymentType": "ONLINE",
        "totalCost": "0.00",
        "status": "CONFIRMED",
        "city": null,
        "address": null,
        "available": true
    }
},
{
    "model": "orders_app.order",
    "pk": 58,
    "fields": {
        "user": 7,
        "createdAt": "2025-06-01T13:10:04.892Z",
        "fullName": "Nick Groover",
        "email": "nick@email.com",
        "phone": "89631478523",
        "deliveryType": "ORDINARY",
        "paymentType": "ONLINE",
        "totalCost": "0.00",
        "status": "CONFIRMED",
        "city": "True",
        "address": "True",
        "available": true
    }
},
{
    "model": "orders_app.order",
    "pk": 59,
    "fields": {
        "user": 7,
        "createdAt": "2025-06-01T13:12:52.628Z",
        "fullName": "Nick Groover",
        "email": "nick@email.com",
        "phone": "89631478523",
        "deliveryType": "EXPRESS",
        "paymentType": "ONLINE",
        "totalCost": "4780.30",
        "status": "PAIDED",
        "city": "dvsdf",
        "address": "sdfvsdf",
        "available": true
    }
},
{
    "model": "orders_app.order",
    "pk": 60,
    "fields": {
        "user": 7,
        "createdAt": "2025-06-01T13:18:14.835Z",
        "fullName": "Nick Groover",
        "email": "nick@email.com",
        "phone": "89631478523",
        "deliveryType": "ORDINARY",
        "paymentType": "ONLINE",
        "totalCost": "0.00",
        "status": "NEW",
        "city": null,
        "address": null,
        "available": true
    }
},
{
    "model": "orders_app.order",
    "pk": 61,
    "fields": {
        "user": null,
        "createdAt": "2025-06-01T13:21:48.330Z",
        "fullName": null,
        "email": null,
        "phone": null,
        "deliveryType": "ORDINARY",
        "paymentType": "ONLINE",
        "totalCost": "0.00",
        "status": "NEW",
        "city": null,
        "address": null,
        "available": true
    }
},
{
    "model": "orders_app.order",
    "pk": 62,
    "fields": {
        "user": 7,
        "createdAt": "2025-06-01T13:23:59.685Z",
        "fullName": "Nick Groover",
        "email": "nick@email.com",
        "phone": "89631478523",
        "deliveryType": "ORDINARY",
        "paymentType": "ONLINE",
        "totalCost": "770.15",
        "status": "NEW",
        "city": null,
        "address": null,
        "available": true
    }
},
{
    "model": "orders_app.order",
    "pk": 63,
    "fields": {
        "user": 7,
        "createdAt": "2025-06-01T13:28:06.559Z",
        "fullName": "Nick Groover",
        "email": "nick@email.com",
        "phone": "89631478523",
        "deliveryType": "ORDINARY",
        "paymentType": "ONLINE",
        "totalCost": "970.15",
        "status": "CONFIRMED",
        "city": "dvad",
        "address": "adca",
        "available": true
    }
},
{
    "model": "orders_app.order",
    "pk": 64,
    "fields": {
        "user": 7,
        "createdAt": "2025-06-01T13:41:25.427Z",
        "fullName": "Nick Groover",
        "email": "nick@email.com",
        "phone": "89631478523",
        "deliveryType": "ORDINARY",
        "paymentType": "ONLINE",
        "totalCost": "970.15",
        "status": "PAIDED",
        "city": "zdvasd",
        "address": "sadasdca",
        "available": true
    }
},
{
    "model": "orders_app.order",
    "pk": 65,
    "fields": {
        "user": 5,
        "createdAt": "2025-06-01T13:50:42.881Z",
        "fullName": "Mat Falcon",
        "email": "mat@email.com",
        "phone": "89631475263",
        "deliveryType": "EXPRESS",
        "paymentType": "ONLINE",
        "totalCost": "5023.00",
        "status": "PAIDED",
        "city": "zcvz",
        "address": "zcvzxcv",
        "available": true
    }
},
{
    "model": "orders_app.order",
    "pk": 66,
    "fields": {
        "user": 5,
        "createdAt": "2025-06-01T13:52:35.161Z",
        "fullName": "Mat Falcon",
        "email": "mat@email.com",
        "phone": "89631475263",
        "deliveryType": "ORDINARY",
        "paymentType": "ONLINE",
        "totalCost": "18277.00",
        "status": "NEW",
        "city": null,
        "address": null,
        "available": true
    }
},
{
    "model": "orders_app.order",
    "pk": 67,
    "fields": {
        "user": 5,
        "createdAt": "2025-06-01T13:56:19.427Z",
        "fullName": "Mat Falcon",
        "email": "mat@email.com",
        "phone": "89631475263",
        "deliveryType": "EXPRESS",
        "paymentType": "ONLINE",
        "totalCost": "18777.00",
        "status": "PAIDED",
        "city": "zxcvz",
        "address": "vzvz",
        "available": true
    }
},
{
    "model": "orders_app.order",
    "pk": 68,
    "fields": {
        "user": 1,
        "createdAt": "2025-06-01T16:42:43.172Z",
        "fullName": "John Walles",
        "email": "admin1@gmail.com",
        "phone": "88001234568",
        "deliveryType": "EXPRESS",
        "paymentType": "ONLINE",
        "totalCost": "9189.00",
        "status": "PAIDED",
        "city": "Novosib",
        "address": "Lenina 65",
        "available": true
    }
},
{
    "model": "orders_app.order",
    "pk": 69,
    "fields": {
        "user": null,
        "createdAt": "2025-06-12T09:53:05.030Z",
        "fullName": null,
        "email": null,
        "phone": null,
        "deliveryType": "ORDINARY",
        "paymentType": "ONLINE",
        "totalCost": "15381.10",
        "status": "NEW",
        "city": null,
        "address": null,
        "available": true
    }
},
{
    "model": "orders_app.order",
    "pk": 70,
    "fields": {
        "user": null,
        "createdAt": "2025-06-12T10:25:24.724Z",
        "fullName": null,
        "email": "",
        "phone": null,
        "deliveryType": "ORDINARY",
        "paymentType": "ONLINE",
        "totalCost": "6313.00",
        "status": "NEW",
        "city": null,
        "address": null,
        "available": true
    }
},
{
    "model": "orders_app.order",
    "pk": 71,
    "fields": {
        "user": null,
        "createdAt": "2025-06-12T10:30:48.167Z",
        "fullName": null,
        "email": "",
        "phone": null,
        "deliveryType": "ORDINARY",
        "paymentType": "ONLINE",
        "totalCost": "6313.00",
        "status": "NEW",
        "city": null,
        "address": null,
        "available": true
    }
},
{
    "model": "orders_app.order",
    "pk": 72,
    "fields": {
        "user": null,
        "createdAt": "2025-06-12T10:38:48.150Z",
        "fullName": null,
        "email": "",
        "phone": null,
        "deliveryType": "ORDINARY",
        "paymentType": "ONLINE",
        "totalCost": "6313.00",
        "status": "NEW",
        "city": null,
        "address": null,
        "available": true
    }
},
{
    "model": "orders_app.order",
    "pk": 73,
    "fields": {
        "user": 7,
        "createdAt": "2025-06-12T14:44:58.527Z",
        "fullName": "Nick Groover",
        "email": "nick@email.com",
        "phone": "89631478523",
        "deliveryType": "ORDINARY",
        "paymentType": "ONLINE",
        "totalCost": "15270.00",
        "status": "PAIDED",
        "city": "sdfbsfv",
        "address": "sdfvsdffs",
        "available": true
    }
},
{
    "model": "orders_app.order",
    "pk": 74,
    "fields": {
        "user": null,
        "createdAt": "2025-06-12T14:50:09.958Z",
        "fullName": null,
        "email": null,
        "phone": null,
        "deliveryType": "ORDINARY",
        "paymentType": "ONLINE",
        "totalCost": "28125.00",
        "status": "NEW",
        "city": null,
        "address": null,
        "available": true
    }
},
{
    "model": "orders_app.order",
    "pk": 75,
    "fields": {
        "user": 9,
        "createdAt": "2025-06-12T14:54:18.041Z",
        "fullName": "Daniel",
        "email": "daniel@email.com",
        "phone": "79874563254",
        "deliveryType": "ORDINARY",
        "paymentType": "ONLINE",
        "totalCost": "6313.00",
        "status": "PAIDED",
        "city": "sdfsdfv",
        "address": "sdfvsdf",
        "available": true
    }
},
{
    "model": "orders_app.order",
    "pk": 76,
    "fields": {
        "user": 9,
        "createdAt": "2025-06-12T15:23:00.910Z",
        "fullName": "Daniel Craig",
        "email": "daniel@mail.com",
        "phone": "79001234567",
        "deliveryType": "ORDINARY",
        "paymentType": "ONLINE",
        "totalCost": "13736.00",
        "status": "CONFIRMED",
        "city": "xbfdfb",
        "address": "sdfsvdf",
        "available": true
    }
},
{
    "model": "orders_app.order",
    "pk": 77,
    "fields": {
        "user": 9,
        "createdAt": "2025-06-12T16:27:48.312Z",
        "fullName": "Daniel Craig",
        "email": "dan.2@mail.com",
        "phone": "78009654123",
        "deliveryType": "ORDINARY",
        "paymentType": "ONLINE",
        "totalCost": "8835.00",
        "status": "CONFIRMED",
        "city": "xbxvbx",
        "address": "zvzvd",
        "available": true
    }
},
{
    "model": "orders_app.order",
    "pk": 78,
    "fields": {
        "user": 9,
        "createdAt": "2025-06-12T16:40:20.916Z",
        "fullName": "Daniel",
        "email": "",
        "phone": null,
        "deliveryType": "ORDINARY",
        "paymentType": "ONLINE",
        "totalCost": "28125.00",
        "status": "NEW",
        "city": null,
        "address": null,
        "available": true
    }
},
{
    "model": "orders_app.order",
    "pk": 79,
    "fields": {
        "user": 9,
        "createdAt": "2025-06-12T16:47:38.689Z",
        "fullName": "Daniel Craig",
        "email": "dan2.mail@mail.com",
        "phone": "78963214758",
        "deliveryType": "ORDINARY",
        "paymentType": "ONLINE",
        "totalCost": "28125.00",
        "status": "CONFIRMED",
        "city": "sgfbsgf",
        "address": "fjfjfghd",
        "available": true
    }
},
{
    "model": "orders_app.order",
    "pk": 80,
    "fields": {
        "user": 9,
        "createdAt": "2025-06-12T17:11:18.033Z",
        "fullName": "Daniel Bowwie",
        "email": "dan3@mail.com",
        "phone": "79999994512",
        "deliveryType": "ORDINARY",
        "paymentType": "ONLINE",
        "totalCost": "8189.00",
        "status": "CONFIRMED",
        "city": "sfgbsfgb",
        "address": "dfgbdfsgb",
        "available": true
    }
},
{
    "model": "orders_app.order",
    "pk": 81,
    "fields": {
        "user": 5,
        "createdAt": "2025-08-09T13:58:53.859Z",
        "fullName": "Mat Falcon",
        "email": "mat@email.com",
        "phone": "89631475263",
        "deliveryType": "ORDINARY",
        "paymentType": "ONLINE",
        "totalCost": "13590.00",
        "status": "NEW",
        "city": null,
        "address": null,
        "available": true
    }
},
{
    "model": "orders_app.order",
    "pk": 82,
    "fields": {
        "user": 5,
        "createdAt": "2025-08-09T14:47:28.904Z",
        "fullName": "Mat Falcon",
        "email": "mat@email.com",
        "phone": "89631475263",
        "deliveryType": "ORDINARY",
        "paymentType": "ONLINE",
        "totalCost": "6313.00",
        "status": "PAIDED",
        "city": null,
        "address": null,
        "available": true
    }
},
{
    "model": "orders_app.order",
    "pk": 83,
    "fields": {
        "user": 5,
        "createdAt": "2025-08-09T17:35:51.830Z",
        "fullName": "Mat Falcon",
        "email": "mat@email.com",
        "phone": "89631475263",
        "deliveryType": "ORDINARY",
        "paymentType": "ONLINE",
        "totalCost": "21973.00",
        "status": "NEW",
        "city": null,
        "address": null,
        "available": true
    }
},
{
    "model": "orders_app.order",
    "pk": 84,
    "fields": {
        "user": 5,
        "createdAt": "2025-08-09T17:43:17.138Z",
        "fullName": "Mat Falcon",
        "email": "mat@email.com",
        "phone": "89631475263",
        "deliveryType": "ORDINARY",
        "paymentType": "ONLINE",
        "totalCost": "28125.00",
        "status": "NEW",
        "city": null,
        "address": null,
        "available": true
    }
},
{
    "model": "orders_app.order",
    "pk": 85,
    "fields": {
        "user": 5,
        "createdAt": "2025-08-09T18:09:53.086Z",
        "fullName": "Mat Falcon",
        "email": "mat@email.com",
        "phone": "89631475263",
        "deliveryType": "ORDINARY",
        "paymentType": "ONLINE",
        "totalCost": "45754.00",
        "status": "NEW",
        "city": null,
        "address": null,
        "available": true
    }
},
{
    "model": "orders_app.order",
    "pk": 86,
    "fields": {
        "user": 5,
        "createdAt": "2025-08-09T18:16:52.875Z",
        "fullName": "Luci Ferol",
        "email": "luci@email.com",
        "phone": "89874563212",
        "deliveryType": "EXPRESS",
        "paymentType": "SOMEONE",
        "totalCost": "45754.00",
        "status": "NEW",
        "city": "sdfsdf",
        "address": "sdfsdfs",
        "available": true
    }
},
{
    "model": "orders_app.order",
    "pk": 87,
    "fields": {
        "user": 9,
        "createdAt": "2025-08-09T22:26:45.553Z",
        "fullName": "Linda Pitstar",
        "email": "linda@mail.com",
        "phone": "79543695412",
        "deliveryType": "ORDINARY",
        "paymentType": "SOMEONE",
        "totalCost": "18884.00",
        "status": "PAIDED",
        "city": "Pitsburg",
        "address": "Homeless str. 48",
        "available": true
    }
},
{
    "model": "orders_app.order",
    "pk": 88,
    "fields": {
        "user": 9,
        "createdAt": "2025-08-09T23:12:27.059Z",
        "fullName": "Sara Foster",
        "email": "sara_f@mail.com",
        "phone": "79882587496",
        "deliveryType": "EXPRESS",
        "paymentType": "SOMEONE",
        "totalCost": "5030.00",
        "status": "PAIDED",
        "city": "Luxemburg",
        "address": "Oslter str. 34",
        "available": true
    }
},
{
    "model": "orders_app.order",
    "pk": 89,
    "fields": {
        "user": 6,
        "createdAt": "2025-08-16T14:41:08.174Z",
        "fullName": "Bob Sendler",
        "email": "bob@rambler.com",
        "phone": "89994563271",
        "deliveryType": "EXPRESS",
        "paymentType": "SOMEONE",
        "totalCost": "2170.15",
        "status": "PAIDED",
        "city": "Paris",
        "address": "Hillon str. 67",
        "available": true
    }
},
{
    "model": "orders_app.orderproduct",
    "pk": 14,
    "fields": {
        "order": 20,
        "product": 4,
        "count": 1,
        "price": "1620.00",
        "added_at": "2025-05-11T10:16:21.486Z"
    }
},
{
    "model": "orders_app.orderproduct",
    "pk": 15,
    "fields": {
        "order": 20,
        "product": 11,
        "count": 2,
        "price": "770.15",
        "added_at": "2025-05-11T10:16:21.505Z"
    }
},
{
    "model": "orders_app.orderproduct",
    "pk": 16,
    "fields": {
        "order": 21,
        "product": 4,
        "count": 1,
        "price": "1620.00",
        "added_at": "2025-05-11T12:06:25.393Z"
    }
},
{
    "model": "orders_app.orderproduct",
    "pk": 17,
    "fields": {
        "order": 21,
        "product": 11,
        "count": 2,
        "price": "770.15",
        "added_at": "2025-05-11T12:06:25.409Z"
    }
},
{
    "model": "orders_app.orderproduct",
    "pk": 18,
    "fields": {
        "order": 22,
        "product": 15,
        "count": 1,
        "price": "12564.00",
        "added_at": "2025-05-11T14:15:06.154Z"
    }
},
{
    "model": "orders_app.orderproduct",
    "pk": 19,
    "fields": {
        "order": 22,
        "product": 19,
        "count": 1,
        "price": "9442.00",
        "added_at": "2025-05-11T14:15:06.172Z"
    }
},
{
    "model": "orders_app.orderproduct",
    "pk": 20,
    "fields": {
        "order": 23,
        "product": 6,
        "count": 1,
        "price": "5802.00",
        "added_at": "2025-05-11T17:46:25.272Z"
    }
},
{
    "model": "orders_app.orderproduct",
    "pk": 21,
    "fields": {
        "order": 23,
        "product": 21,
        "count": 1,
        "price": "5056.00",
        "added_at": "2025-05-11T17:46:25.292Z"
    }
},
{
    "model": "orders_app.orderproduct",
    "pk": 22,
    "fields": {
        "order": 23,
        "product": 26,
        "count": 1,
        "price": "4530.00",
        "added_at": "2025-05-11T17:46:25.311Z"
    }
},
{
    "model": "orders_app.orderproduct",
    "pk": 23,
    "fields": {
        "order": 24,
        "product": 8,
        "count": 1,
        "price": "1841.00",
        "added_at": "2025-05-11T17:56:23.338Z"
    }
},
{
    "model": "orders_app.orderproduct",
    "pk": 24,
    "fields": {
        "order": 24,
        "product": 9,
        "count": 1,
        "price": "48509.00",
        "added_at": "2025-05-11T17:56:23.355Z"
    }
},
{
    "model": "orders_app.orderproduct",
    "pk": 25,
    "fields": {
        "order": 25,
        "product": 5,
        "count": 1,
        "price": "3403.00",
        "added_at": "2025-05-11T19:13:43.802Z"
    }
},
{
    "model": "orders_app.orderproduct",
    "pk": 26,
    "fields": {
        "order": 25,
        "product": 23,
        "count": 1,
        "price": "3782.00",
        "added_at": "2025-05-11T19:13:43.824Z"
    }
},
{
    "model": "orders_app.orderproduct",
    "pk": 27,
    "fields": {
        "order": 25,
        "product": 24,
        "count": 1,
        "price": "1845.00",
        "added_at": "2025-05-11T19:13:43.842Z"
    }
},
{
    "model": "orders_app.orderproduct",
    "pk": 28,
    "fields": {
        "order": 26,
        "product": 5,
        "count": 1,
        "price": "3403.00",
        "added_at": "2025-05-11T19:14:42.929Z"
    }
},
{
    "model": "orders_app.orderproduct",
    "pk": 29,
    "fields": {
        "order": 26,
        "product": 23,
        "count": 1,
        "price": "3782.00",
        "added_at": "2025-05-11T19:14:42.966Z"
    }
},
{
    "model": "orders_app.orderproduct",
    "pk": 30,
    "fields": {
        "order": 26,
        "product": 24,
        "count": 1,
        "price": "1845.00",
        "added_at": "2025-05-11T19:14:42.993Z"
    }
},
{
    "model": "orders_app.orderproduct",
    "pk": 31,
    "fields": {
        "order": 27,
        "product": 5,
        "count": 1,
        "price": "3403.00",
        "added_at": "2025-05-11T19:20:29.024Z"
    }
},
{
    "model": "orders_app.orderproduct",
    "pk": 32,
    "fields": {
        "order": 27,
        "product": 23,
        "count": 1,
        "price": "3782.00",
        "added_at": "2025-05-11T19:20:29.045Z"
    }
},
{
    "model": "orders_app.orderproduct",
    "pk": 33,
    "fields": {
        "order": 27,
        "product": 24,
        "count": 1,
        "price": "1845.00",
        "added_at": "2025-05-11T19:20:29.063Z"
    }
},
{
    "model": "orders_app.orderproduct",
    "pk": 34,
    "fields": {
        "order": 28,
        "product": 5,
        "count": 1,
        "price": "3403.00",
        "added_at": "2025-05-11T19:23:20.072Z"
    }
},
{
    "model": "orders_app.orderproduct",
    "pk": 35,
    "fields": {
        "order": 28,
        "product": 23,
        "count": 1,
        "price": "3782.00",
        "added_at": "2025-05-11T19:23:20.090Z"
    }
},
{
    "model": "orders_app.orderproduct",
    "pk": 36,
    "fields": {
        "order": 28,
        "product": 24,
        "count": 1,
        "price": "1845.00",
        "added_at": "2025-05-11T19:23:20.107Z"
    }
},
{
    "model": "orders_app.orderproduct",
    "pk": 37,
    "fields": {
        "order": 29,
        "product": 26,
        "count": 4,
        "price": "4530.00",
        "added_at": "2025-05-11T20:07:20.796Z"
    }
},
{
    "model": "orders_app.orderproduct",
    "pk": 38,
    "fields": {
        "order": 29,
        "product": 27,
        "count": 1,
        "price": "12207.00",
        "added_at": "2025-05-11T20:07:20.815Z"
    }
},
{
    "model": "orders_app.orderproduct",
    "pk": 39,
    "fields": {
        "order": 30,
        "product": 14,
        "count": 1,
        "price": "9953.00",
        "added_at": "2025-05-11T20:15:08.927Z"
    }
},
{
    "model": "orders_app.orderproduct",
    "pk": 40,
    "fields": {
        "order": 30,
        "product": 20,
        "count": 1,
        "price": "6313.00",
        "added_at": "2025-05-11T20:15:08.944Z"
    }
},
{
    "model": "orders_app.orderproduct",
    "pk": 41,
    "fields": {
        "order": 30,
        "product": 26,
        "count": 1,
        "price": "4530.00",
        "added_at": "2025-05-11T20:15:08.961Z"
    }
},
{
    "model": "orders_app.orderproduct",
    "pk": 42,
    "fields": {
        "order": 30,
        "product": 27,
        "count": 1,
        "price": "12207.00",
        "added_at": "2025-05-11T20:15:08.978Z"
    }
},
{
    "model": "orders_app.orderproduct",
    "pk": 43,
    "fields": {
        "order": 31,
        "product": 5,
        "count": 4,
        "price": "3403.00",
        "added_at": "2025-05-13T17:45:06.571Z"
    }
},
{
    "model": "orders_app.orderproduct",
    "pk": 44,
    "fields": {
        "order": 31,
        "product": 19,
        "count": 3,
        "price": "9442.00",
        "added_at": "2025-05-13T17:45:06.590Z"
    }
},
{
    "model": "orders_app.orderproduct",
    "pk": 45,
    "fields": {
        "order": 31,
        "product": 11,
        "count": 2,
        "price": "770.15",
        "added_at": "2025-05-13T17:45:06.608Z"
    }
},
{
    "model": "orders_app.orderproduct",
    "pk": 46,
    "fields": {
        "order": 32,
        "product": 23,
        "count": 1,
        "price": "3782.00",
        "added_at": "2025-05-13T18:32:59.616Z"
    }
},
{
    "model": "orders_app.orderproduct",
    "pk": 48,
    "fields": {
        "order": 34,
        "product": 20,
        "count": 1,
        "price": "6313.00",
        "added_at": "2025-05-13T19:13:57.067Z"
    }
},
{
    "model": "orders_app.orderproduct",
    "pk": 49,
    "fields": {
        "order": 35,
        "product": 14,
        "count": 1,
        "price": "9953.00",
        "added_at": "2025-05-21T18:46:51.737Z"
    }
},
{
    "model": "orders_app.orderproduct",
    "pk": 50,
    "fields": {
        "order": 36,
        "product": 13,
        "count": 1,
        "price": "8835.00",
        "added_at": "2025-05-22T17:38:06.567Z"
    }
},
{
    "model": "orders_app.orderproduct",
    "pk": 51,
    "fields": {
        "order": 36,
        "product": 8,
        "count": 1,
        "price": "1841.00",
        "added_at": "2025-05-22T17:39:13.624Z"
    }
},
{
    "model": "orders_app.orderproduct",
    "pk": 52,
    "fields": {
        "order": 36,
        "product": 17,
        "count": 1,
        "price": "25263.00",
        "added_at": "2025-05-22T17:43:46.348Z"
    }
},
{
    "model": "orders_app.orderproduct",
    "pk": 53,
    "fields": {
        "order": 37,
        "product": 6,
        "count": 1,
        "price": "5802.00",
        "added_at": "2025-05-22T19:07:07.719Z"
    }
},
{
    "model": "orders_app.orderproduct",
    "pk": 54,
    "fields": {
        "order": 37,
        "product": 10,
        "count": 1,
        "price": "10777.00",
        "added_at": "2025-05-22T19:19:02.299Z"
    }
},
{
    "model": "orders_app.orderproduct",
    "pk": 55,
    "fields": {
        "order": 37,
        "product": 16,
        "count": 1,
        "price": "15270.00",
        "added_at": "2025-05-22T19:25:09.288Z"
    }
},
{
    "model": "orders_app.orderproduct",
    "pk": 56,
    "fields": {
        "order": 38,
        "product": 23,
        "count": 1,
        "price": "3782.00",
        "added_at": "2025-05-22T20:06:44.482Z"
    }
},
{
    "model": "orders_app.orderproduct",
    "pk": 57,
    "fields": {
        "order": 38,
        "product": 26,
        "count": 1,
        "price": "4530.00",
        "added_at": "2025-05-22T20:06:44.502Z"
    }
},
{
    "model": "orders_app.orderproduct",
    "pk": 58,
    "fields": {
        "order": 39,
        "product": 4,
        "count": 1,
        "price": "1620.00",
        "added_at": "2025-05-22T20:10:38.427Z"
    }
},
{
    "model": "orders_app.orderproduct",
    "pk": 59,
    "fields": {
        "order": 40,
        "product": 21,
        "count": 1,
        "price": "5056.00",
        "added_at": "2025-05-23T14:39:47.326Z"
    }
},
{
    "model": "orders_app.orderproduct",
    "pk": 60,
    "fields": {
        "order": 40,
        "product": 26,
        "count": 1,
        "price": "4530.00",
        "added_at": "2025-05-23T14:39:47.341Z"
    }
},
{
    "model": "orders_app.orderproduct",
    "pk": 61,
    "fields": {
        "order": 41,
        "product": 24,
        "count": 1,
        "price": "1845.00",
        "added_at": "2025-05-23T15:09:16.517Z"
    }
},
{
    "model": "orders_app.orderproduct",
    "pk": 62,
    "fields": {
        "order": 42,
        "product": 5,
        "count": 3,
        "price": "3403.00",
        "added_at": "2025-05-23T15:31:49.270Z"
    }
},
{
    "model": "orders_app.orderproduct",
    "pk": 63,
    "fields": {
        "order": 43,
        "product": 1,
        "count": 1,
        "price": "16485.00",
        "added_at": "2025-05-23T17:40:36.004Z"
    }
},
{
    "model": "orders_app.orderproduct",
    "pk": 64,
    "fields": {
        "order": 44,
        "product": 16,
        "count": 1,
        "price": "15270.00",
        "added_at": "2025-05-23T17:47:37.930Z"
    }
},
{
    "model": "orders_app.orderproduct",
    "pk": 65,
    "fields": {
        "order": 45,
        "product": 5,
        "count": 2,
        "price": "3403.00",
        "added_at": "2025-05-31T13:09:55.436Z"
    }
},
{
    "model": "orders_app.orderproduct",
    "pk": 66,
    "fields": {
        "order": 46,
        "product": 5,
        "count": 7,
        "price": "3403.00",
        "added_at": "2025-05-31T13:10:22.374Z"
    }
},
{
    "model": "orders_app.orderproduct",
    "pk": 67,
    "fields": {
        "order": 47,
        "product": 7,
        "count": 1,
        "price": "8189.00",
        "added_at": "2025-05-31T14:05:05.068Z"
    }
},
{
    "model": "orders_app.orderproduct",
    "pk": 68,
    "fields": {
        "order": 48,
        "product": 8,
        "count": 1,
        "price": "920.50",
        "added_at": "2025-05-31T14:35:40.414Z"
    }
},
{
    "model": "orders_app.orderproduct",
    "pk": 69,
    "fields": {
        "order": 49,
        "product": 4,
        "count": 1,
        "price": "1620.00",
        "added_at": "2025-05-31T14:37:32.318Z"
    }
},
{
    "model": "orders_app.orderproduct",
    "pk": 70,
    "fields": {
        "order": 50,
        "product": 20,
        "count": 1,
        "price": "6313.00",
        "added_at": "2025-06-01T10:18:20.717Z"
    }
},
{
    "model": "orders_app.orderproduct",
    "pk": 71,
    "fields": {
        "order": 51,
        "product": 20,
        "count": 1,
        "price": "6313.00",
        "added_at": "2025-06-01T10:44:44.247Z"
    }
},
{
    "model": "orders_app.orderproduct",
    "pk": 72,
    "fields": {
        "order": 52,
        "product": 12,
        "count": 1,
        "price": "28125.00",
        "added_at": "2025-06-01T11:34:08.002Z"
    }
},
{
    "model": "orders_app.orderproduct",
    "pk": 73,
    "fields": {
        "order": 53,
        "product": 11,
        "count": 1,
        "price": "770.15",
        "added_at": "2025-06-01T12:03:10.410Z"
    }
},
{
    "model": "orders_app.orderproduct",
    "pk": 74,
    "fields": {
        "order": 54,
        "product": 11,
        "count": 1,
        "price": "770.15",
        "added_at": "2025-06-01T12:11:35.594Z"
    }
},
{
    "model": "orders_app.orderproduct",
    "pk": 75,
    "fields": {
        "order": 55,
        "product": 11,
        "count": 1,
        "price": "770.15",
        "added_at": "2025-06-01T12:21:02.722Z"
    }
},
{
    "model": "orders_app.orderproduct",
    "pk": 76,
    "fields": {
        "order": 56,
        "product": 11,
        "count": 1,
        "price": "770.15",
        "added_at": "2025-06-01T12:21:34.225Z"
    }
},
{
    "model": "orders_app.orderproduct",
    "pk": 77,
    "fields": {
        "order": 57,
        "product": 11,
        "count": 2,
        "price": "770.15",
        "added_at": "2025-06-01T12:55:56.962Z"
    }
},
{
    "model": "orders_app.orderproduct",
    "pk": 78,
    "fields": {
        "order": 57,
        "product": 24,
        "count": 2,
        "price": "1845.00",
        "added_at": "2025-06-01T12:55:56.979Z"
    }
},
{
    "model": "orders_app.orderproduct",
    "pk": 79,
    "fields": {
        "order": 58,
        "product": 4,
        "count": 2,
        "price": "1620.00",
        "added_at": "2025-06-01T13:10:04.916Z"
    }
},
{
    "model": "orders_app.orderproduct",
    "pk": 80,
    "fields": {
        "order": 58,
        "product": 11,
        "count": 2,
        "price": "770.15",
        "added_at": "2025-06-01T13:10:04.929Z"
    }
},
{
    "model": "orders_app.orderproduct",
    "pk": 81,
    "fields": {
        "order": 59,
        "product": 4,
        "count": 2,
        "price": "1620.00",
        "added_at": "2025-06-01T13:12:52.651Z"
    }
},
{
    "model": "orders_app.orderproduct",
    "pk": 82,
    "fields": {
        "order": 59,
        "product": 11,
        "count": 2,
        "price": "770.15",
        "added_at": "2025-06-01T13:12:52.663Z"
    }
},
{
    "model": "orders_app.orderproduct",
    "pk": 83,
    "fields": {
        "order": 60,
        "product": 11,
        "count": 1,
        "price": "770.15",
        "added_at": "2025-06-01T13:18:14.918Z"
    }
},
{
    "model": "orders_app.orderproduct",
    "pk": 84,
    "fields": {
        "order": 61,
        "product": 11,
        "count": 1,
        "price": "770.15",
        "added_at": "2025-06-01T13:21:48.395Z"
    }
},
{
    "model": "orders_app.orderproduct",
    "pk": 85,
    "fields": {
        "order": 62,
        "product": 11,
        "count": 1,
        "price": "770.15",
        "added_at": "2025-06-01T13:23:59.732Z"
    }
},
{
    "model": "orders_app.orderproduct",
    "pk": 86,
    "fields": {
        "order": 63,
        "product": 11,
        "count": 1,
        "price": "770.15",
        "added_at": "2025-06-01T13:28:06.607Z"
    }
},
{
    "model": "orders_app.orderproduct",
    "pk": 87,
    "fields": {
        "order": 64,
        "product": 11,
        "count": 1,
        "price": "770.15",
        "added_at": "2025-06-01T13:41:25.472Z"
    }
},
{
    "model": "orders_app.orderproduct",
    "pk": 88,
    "fields": {
        "order": 65,
        "product": 4,
        "count": 1,
        "price": "1620.00",
        "added_at": "2025-06-01T13:50:42.899Z"
    }
},
{
    "model": "orders_app.orderproduct",
    "pk": 89,
    "fields": {
        "order": 65,
        "product": 5,
        "count": 1,
        "price": "3403.00",
        "added_at": "2025-06-01T13:50:42.912Z"
    }
},
{
    "model": "orders_app.orderproduct",
    "pk": 90,
    "fields": {
        "order": 66,
        "product": 13,
        "count": 1,
        "price": "8835.00",
        "added_at": "2025-06-01T13:52:35.195Z"
    }
},
{
    "model": "orders_app.orderproduct",
    "pk": 91,
    "fields": {
        "order": 66,
        "product": 19,
        "count": 1,
        "price": "9442.00",
        "added_at": "2025-06-01T13:52:35.221Z"
    }
},
{
    "model": "orders_app.orderproduct",
    "pk": 92,
    "fields": {
        "order": 67,
        "product": 13,
        "count": 1,
        "price": "8835.00",
        "added_at": "2025-06-01T13:56:19.459Z"
    }
},
{
    "model": "orders_app.orderproduct",
    "pk": 93,
    "fields": {
        "order": 67,
        "product": 19,
        "count": 1,
        "price": "9442.00",
        "added_at": "2025-06-01T13:56:19.486Z"
    }
},
{
    "model": "orders_app.orderproduct",
    "pk": 94,
    "fields": {
        "order": 68,
        "product": 7,
        "count": 1,
        "price": "8189.00",
        "added_at": "2025-06-01T16:42:43.189Z"
    }
},
{
    "model": "orders_app.orderproduct",
    "pk": 95,
    "fields": {
        "order": 69,
        "product": 18,
        "count": 1,
        "price": "15381.10",
        "added_at": "2025-06-12T09:53:05.055Z"
    }
},
{
    "model": "orders_app.orderproduct",
    "pk": 96,
    "fields": {
        "order": 70,
        "product": 20,
        "count": 1,
        "price": "6313.00",
        "added_at": "2025-06-12T10:25:24.743Z"
    }
},
{
    "model": "orders_app.orderproduct",
    "pk": 97,
    "fields": {
        "order": 71,
        "product": 20,
        "count": 1,
        "price": "6313.00",
        "added_at": "2025-06-12T10:30:48.187Z"
    }
},
{
    "model": "orders_app.orderproduct",
    "pk": 98,
    "fields": {
        "order": 72,
        "product": 20,
        "count": 1,
        "price": "6313.00",
        "added_at": "2025-06-12T10:38:48.169Z"
    }
},
{
    "model": "orders_app.orderproduct",
    "pk": 99,
    "fields": {
        "order": 73,
        "product": 16,
        "count": 1,
        "price": "15270.00",
        "added_at": "2025-06-12T14:44:58.546Z"
    }
},
{
    "model": "orders_app.orderproduct",
    "pk": 100,
    "fields": {
        "order": 74,
        "product": 12,
        "count": 1,
        "price": "28125.00",
        "added_at": "2025-06-12T14:50:09.974Z"
    }
},
{
    "model": "orders_app.orderproduct",
    "pk": 101,
    "fields": {
        "order": 75,
        "product": 20,
        "count": 1,
        "price": "6313.00",
        "added_at": "2025-06-12T14:54:18.070Z"
    }
},
{
    "model": "orders_app.orderproduct",
    "pk": 102,
    "fields": {
        "order": 76,
        "product": 22,
        "count": 1,
        "price": "13736.00",
        "added_at": "2025-06-12T15:23:00.930Z"
    }
},
{
    "model": "orders_app.orderproduct",
    "pk": 103,
    "fields": {
        "order": 77,
        "product": 13,
        "count": 1,
        "price": "8835.00",
        "added_at": "2025-06-12T16:27:48.336Z"
    }
},
{
    "model": "orders_app.orderproduct",
    "pk": 104,
    "fields": {
        "order": 78,
        "product": 12,
        "count": 1,
        "price": "28125.00",
        "added_at": "2025-06-12T16:40:21.006Z"
    }
},
{
    "model": "orders_app.orderproduct",
    "pk": 105,
    "fields": {
        "order": 79,
        "product": 12,
        "count": 1,
        "price": "28125.00",
        "added_at": "2025-06-12T16:47:38.708Z"
    }
},
{
    "model": "orders_app.orderproduct",
    "pk": 106,
    "fields": {
        "order": 80,
        "product": 7,
        "count": 1,
        "price": "8189.00",
        "added_at": "2025-06-12T17:11:18.102Z"
    }
},
{
    "model": "orders_app.orderproduct",
    "pk": 107,
    "fields": {
        "order": 81,
        "product": 26,
        "count": 3,
        "price": "4530.00",
        "added_at": "2025-08-09T13:58:53.888Z"
    }
},
{
    "model": "orders_app.orderproduct",
    "pk": 108,
    "fields": {
        "order": 82,
        "product": 20,
        "count": 1,
        "price": "6313.00",
        "added_at": "2025-08-09T14:47:29.100Z"
    }
},
{
    "model": "orders_app.orderproduct",
    "pk": 109,
    "fields": {
        "order": 83,
        "product": 18,
        "count": 1,
        "price": "21973.00",
        "added_at": "2025-08-09T17:35:51.856Z"
    }
},
{
    "model": "orders_app.orderproduct",
    "pk": 110,
    "fields": {
        "order": 84,
        "product": 12,
        "count": 1,
        "price": "28125.00",
        "added_at": "2025-08-09T17:43:17.187Z"
    }
},
{
    "model": "orders_app.orderproduct",
    "pk": 111,
    "fields": {
        "order": 85,
        "product": 3,
        "count": 1,
        "price": "45754.00",
        "added_at": "2025-08-09T18:09:53.127Z"
    }
},
{
    "model": "orders_app.orderproduct",
    "pk": 112,
    "fields": {
        "order": 86,
        "product": 3,
        "count": 1,
        "price": "45754.00",
        "added_at": "2025-08-09T18:16:52.920Z"
    }
},
{
    "model": "orders_app.orderproduct",
    "pk": 113,
    "fields": {
        "order": 87,
        "product": 19,
        "count": 2,
        "price": "9442.00",
        "added_at": "2025-08-09T22:26:45.575Z"
    }
},
{
    "model": "orders_app.orderproduct",
    "pk": 114,
    "fields": {
        "order": 88,
        "product": 26,
        "count": 1,
        "price": "4530.00",
        "added_at": "2025-08-09T23:12:27.084Z"
    }
},
{
    "model": "orders_app.orderproduct",
    "pk": 115,
    "fields": {
        "order": 89,
        "product": 11,
        "count": 1,
        "price": "770.15",
        "added_at": "2025-08-16T14:41:08.195Z"
    }
},
{
    "model": "orders_app.payment",
    "pk": 7,
    "fields": {
        "number": "3423",
        "name": "Cd",
        "month": "11",
        "year": "2342",
        "code": "222",
        "order": 28,
        "created_at": "2025-08-17T09:28:39.461Z"
    }
},
{
    "model": "orders_app.payment",
    "pk": 8,
    "fields": {
        "number": "453453",
        "name": "Bob Byt",
        "month": "21",
        "year": "2334",
        "code": "333",
        "order": 29,
        "created_at": "2025-08-17T09:28:39.461Z"
    }
},
{
    "model": "orders_app.payment",
    "pk": 9,
    "fields": {
        "number": null,
        "name": null,
        "month": null,
        "year": null,
        "code": null,
        "order": 30,
        "created_at": "2025-08-17T09:28:39.461Z"
    }
},
{
    "model": "orders_app.payment",
    "pk": 10,
    "fields": {
        "number": null,
        "name": null,
        "month": null,
        "year": null,
        "code": null,
        "order": 31,
        "created_at": "2025-08-17T09:28:39.461Z"
    }
},
{
    "model": "orders_app.payment",
    "pk": 11,
    "fields": {
        "number": null,
        "name": null,
        "month": null,
        "year": null,
        "code": null,
        "order": 32,
        "created_at": "2025-08-17T09:28:39.461Z"
    }
},
{
    "model": "orders_app.payment",
    "pk": 13,
    "fields": {
        "number": "1111111",
        "name": "zczcvz",
        "month": "12",
        "year": "22",
        "code": "111",
        "order": 34,
        "created_at": "2025-08-17T09:28:39.461Z"
    }
},
{
    "model": "orders_app.payment",
    "pk": 14,
    "fields": {
        "number": "111111",
        "name": "Seld Asan",
        "month": "11",
        "year": "23",
        "code": "222",
        "order": 35,
        "created_at": "2025-08-17T09:28:39.461Z"
    }
},
{
    "model": "orders_app.payment",
    "pk": 15,
    "fields": {
        "number": "22222",
        "name": "Sled Various",
        "month": "04",
        "year": "22",
        "code": "333",
        "order": 36,
        "created_at": "2025-08-17T09:28:39.461Z"
    }
},
{
    "model": "orders_app.payment",
    "pk": 16,
    "fields": {
        "number": "333333",
        "name": "sdasda",
        "month": "02",
        "year": "23",
        "code": "222",
        "order": 37,
        "created_at": "2025-08-17T09:28:39.461Z"
    }
},
{
    "model": "orders_app.payment",
    "pk": 17,
    "fields": {
        "number": "555555",
        "name": "asdcascda",
        "month": "07",
        "year": "22",
        "code": "666",
        "order": 38,
        "created_at": "2025-08-17T09:28:39.461Z"
    }
},
{
    "model": "orders_app.payment",
    "pk": 18,
    "fields": {
        "number": "555555",
        "name": "Credit card",
        "month": "07",
        "year": "22",
        "code": "777",
        "order": 42,
        "created_at": "2025-08-17T09:28:39.461Z"
    }
},
{
    "model": "orders_app.payment",
    "pk": 19,
    "fields": {
        "number": "888888",
        "name": "Bouncy Catcher",
        "month": "03",
        "year": "23",
        "code": "678",
        "order": 43,
        "created_at": "2025-08-17T09:28:39.461Z"
    }
},
{
    "model": "orders_app.payment",
    "pk": 20,
    "fields": {
        "number": "222222",
        "name": "ddvzsdvzv",
        "month": "03",
        "year": "23",
        "code": "222",
        "order": 44,
        "created_at": "2025-08-17T09:28:39.461Z"
    }
},
{
    "model": "orders_app.payment",
    "pk": 21,
    "fields": {
        "number": "456456",
        "name": "sdvsdv",
        "month": "03",
        "year": "22",
        "code": "333",
        "order": 46,
        "created_at": "2025-08-17T09:28:39.461Z"
    }
},
{
    "model": "orders_app.payment",
    "pk": 22,
    "fields": {
        "number": "43333",
        "name": "sdfvsdf",
        "month": "03",
        "year": "23",
        "code": "222",
        "order": 51,
        "created_at": "2025-08-17T09:28:39.461Z"
    }
},
{
    "model": "orders_app.payment",
    "pk": 23,
    "fields": {
        "number": "11111",
        "name": "sdfvsfdv",
        "month": "11",
        "year": "23",
        "code": "222",
        "order": 53,
        "created_at": "2025-08-17T09:28:39.461Z"
    }
},
{
    "model": "orders_app.payment",
    "pk": 24,
    "fields": {
        "number": "11111",
        "name": "vzvva",
        "month": "11",
        "year": "23",
        "code": "111",
        "order": 59,
        "created_at": "2025-08-17T09:28:39.461Z"
    }
},
{
    "model": "orders_app.payment",
    "pk": 25,
    "fields": {
        "number": "11111",
        "name": "afadf",
        "month": "11",
        "year": "23",
        "code": "111",
        "order": 64,
        "created_at": "2025-08-17T09:28:39.461Z"
    }
},
{
    "model": "orders_app.payment",
    "pk": 26,
    "fields": {
        "number": "452345",
        "name": "dfvsfdvs",
        "month": "11",
        "year": "23",
        "code": "345",
        "order": 65,
        "created_at": "2025-08-17T09:28:39.461Z"
    }
},
{
    "model": "orders_app.payment",
    "pk": 27,
    "fields": {
        "number": "45634",
        "name": "sdfsfdgs",
        "month": "05",
        "year": "22",
        "code": "567",
        "order": 67,
        "created_at": "2025-08-17T09:28:39.461Z"
    }
},
{
    "model": "orders_app.payment",
    "pk": 28,
    "fields": {
        "number": "33444",
        "name": "Ещё Сельдерей",
        "month": "06",
        "year": "23",
        "code": "555",
        "order": 68,
        "created_at": "2025-08-17T09:28:39.461Z"
    }
},
{
    "model": "orders_app.payment",
    "pk": 29,
    "fields": {
        "number": "9999",
        "name": "sdfsf",
        "month": "03",
        "year": "21",
        "code": "345",
        "order": 73,
        "created_at": "2025-08-17T09:28:39.461Z"
    }
},
{
    "model": "orders_app.payment",
    "pk": 30,
    "fields": {
        "number": "563456",
        "name": "dgfdgbd",
        "month": "09",
        "year": "22",
        "code": "765",
        "order": 75,
        "created_at": "2025-08-17T09:28:39.461Z"
    }
},
{
    "model": "orders_app.payment",
    "pk": 31,
    "fields": {
        "number": "12345678",
        "name": "advad",
        "month": "11",
        "year": "2024",
        "code": "345",
        "order": 82,
        "created_at": "2025-08-17T09:28:39.461Z"
    }
},
{
    "model": "orders_app.payment",
    "pk": 32,
    "fields": {
        "number": "12312312",
        "name": "Lirb Stak",
        "month": "02",
        "year": "2024",
        "code": "123",
        "order": 88,
        "created_at": "2025-08-17T09:28:39.461Z"
    }
},
{
    "model": "orders_app.payment",
    "pk": 33,
    "fields": {
        "number": "12345678",
        "name": "C",
        "month": "12",
        "year": "2022",
        "code": "123",
        "order": 89,
        "created_at": "2025-08-17T09:28:39.461Z"
    }
},
{
    "model": "orders_app.delivery",
    "pk": 1,
    "fields": {
        "ordinary_price": "200.00",
        "express_price": "500.00",
        "free_delivery_price": "2000.00"
    }
}
]
